dataset,method,n,steps,rmse,mean_crps,wall_sec,coverage_90,mean_width_90,coverage_95,mean_width_95
Wine Quality,xgboost,,,0.6999787601576167,0.4247083067893982,0.6526122000068426,0.7,1.6750973835513676,0.85,1.9960016432847123
Wine Quality,lmjgp_supervised,10,2,0.6676096829200356,0.3715081810951233,4.4704178999963915,0.75,1.4944867694701478,0.85,1.7807908226836537
