{
  "_meta": {
    "seed": 0,
    "datasets": [
      "Wine Quality"
    ],
    "max_total_train": 80,
    "max_test_anchors": 20,
    "max_train_anchors": 32,
    "neighbors": [
      10
    ],
    "steps": [
      2
    ],
    "xgb_boots": 3,
    "scaling_preset": "uci_empirical",
    "plot_interval": "90% Gaussian range"
  },
  "Wine Quality": {
    "Q": 3,
    "split": {
      "n_base": 48,
      "n_anchor": 32,
      "base_anchor_disjoint": true,
      "n_train_total": 80,
      "n_test": 20,
      "train_indices": [
        273,
        376,
        568,
        653,
        701,
        739,
        774,
        824,
        842,
        885,
        1001,
        1126,
        1429,
        1433,
        1452,
        1493,
        1503,
        1555,
        1579,
        1599,
        1615,
        1793,
        1799,
        1806,
        2031,
        2086,
        2145,
        2369,
        2374,
        2502,
        2504,
        2519,
        2559,
        2703,
        2745,
        2783,
        2841,
        2851,
        2875,
        2879,
        2894,
        2998,
        3031,
        3033,
        3063,
        3187,
        3191,
        3226,
        3269,
        3569,
        3709,
        3725,
        3805,
        3917,
        3923,
        3974,
        4173,
        4370,
        4546,
        4676,
        4746,
        4836,
        4837,
        4928,
        4952,
        5038,
        5068,
        5073,
        5080,
        5177,
        5194,
        5446,
        5448,
        5467,
        5495,
        5497,
        5575,
        5757,
        5819,
        5826
      ],
      "test_indices": [
        0,
        120,
        122,
        128,
        129,
        132,
        168,
        181,
        190,
        299,
        321,
        329,
        338,
        357,
        382,
        486,
        519,
        537,
        561,
        642
      ]
    },
    "scaling": {
      "standardize_x": true,
      "standardize_y": false
    },
    "pca_explained_variance_ratio": 0.3032153398297096,
    "figures": {
      "response_pc1": "experiments\\uci\\smalltrain_pca_viz_smoke\\figures\\wine_quality_pc1_response.png",
      "predictions_pc1": "experiments\\uci\\smalltrain_pca_viz_smoke\\figures\\wine_quality_pc1_predictions.png"
    },
    "metrics": [
      {
        "dataset": "Wine Quality",
        "method": "xgboost",
        "n": "",
        "steps": "",
        "rmse": 0.6999787601576167,
        "mean_crps": 0.4247083067893982,
        "wall_sec": 0.6526122000068426,
        "coverage_90": 0.7,
        "mean_width_90": 1.6750973835513676,
        "coverage_95": 0.85,
        "mean_width_95": 1.9960016432847123
      },
      {
        "dataset": "Wine Quality",
        "method": "lmjgp_supervised",
        "n": 10,
        "steps": 2,
        "rmse": 0.6676096829200356,
        "mean_crps": 0.3715081810951233,
        "wall_sec": 4.4704178999963915,
        "coverage_90": 0.75,
        "mean_width_90": 1.4944867694701478,
        "coverage_95": 0.85,
        "mean_width_95": 1.7807908226836537
      }
    ],
    "best_lmjgp_by_rmse": {
      "n": 10,
      "steps": 2,
      "metrics": {
        "dataset": "Wine Quality",
        "method": "lmjgp_supervised",
        "n": 10,
        "steps": 2,
        "rmse": 0.6676096829200356,
        "mean_crps": 0.3715081810951233,
        "wall_sec": 4.4704178999963915,
        "coverage_90": 0.75,
        "mean_width_90": 1.4944867694701478,
        "coverage_95": 0.85,
        "mean_width_95": 1.7807908226836537
      }
    },
    "xgboost_diagnostics": {
      "train_time_sec": 0.6526122000068426,
      "bootstrap_models": 3,
      "scaled_rmse": 0.6999787601576167,
      "scaled_crps": 0.4247083067893982,
      "sigma_a2": 0.1367961055660424
    }
  }
}