setting,seed,variant,gamma_mean,gamma_entropy,R_std_median,kl_per_anchor,beta,coverage_penalty,data_loss,gate_l2,grad_data_R_log_std,grad_data_R_mu,grad_data_over_scaled_KL_R_log_std,grad_data_over_scaled_KL_R_mu,grad_scaled_KL_R_log_std,grad_scaled_KL_R_mu,loss,step
lh_q5_train1000,0,anchor_background,0.6596062183380127,0.6367411017417908,0.05028730258345604,265.6286926269531,0.0012500000000000002,0.0,21.325998306274414,0.0,0.20600564777851105,4.09578275680542,77.89810889860487,20063.173859659684,0.002644552616402507,0.00020414430764503777,21.65803337097168,1.0
lh_q5_train1000,0,anchor_background,0.6553985476493835,0.6353700757026672,0.053707048296928406,261.3687438964844,0.025,0.0,14.808725357055664,0.018548309803009033,0.08725463598966599,1.7197734117507935,1.6546503807420372,27.977087603721532,0.05273297429084778,0.06147078052163124,21.342947006225586,20.0
lh_q5_train1000,0,anchor_background,0.6794306039810181,0.6137372851371765,0.06397917121648788,241.59104919433594,0.05,1.2523481018433813e-05,12.537175178527832,0.042631424963474274,0.08511970192193985,1.5385947227478027,0.814795687953656,10.162770719502634,0.10446754097938538,0.15139520168304443,24.616744995117188,40.0
