setting,seed,variant,gamma_mean,gamma_entropy,R_std_median,kl_per_anchor,beta,coverage_penalty,data_loss,gate_l2,grad_data_R_log_std,grad_data_R_mu,grad_data_over_scaled_KL_R_log_std,grad_data_over_scaled_KL_R_mu,grad_scaled_KL_R_log_std,grad_scaled_KL_R_mu,loss,step
lh_q5_train1000,0,anchor_floor,0.6819677352905273,0.6201677918434143,0.05028730258345604,265.6286926269531,0.0012500000000000002,0.0,22.46639633178711,0.0,0.2096799910068512,4.16955041885376,79.28750958746284,20424.524428470326,0.002644552616402507,0.00020414430764503777,22.798431396484375,1.0
lh_q5_train1000,0,anchor_floor,0.6987654566764832,0.6030477285385132,0.053665414452552795,261.4325866699219,0.025,0.0,15.535476684570312,0.02089936099946499,0.08821442723274231,1.7451337575912476,1.6727988807697345,28.457190148931787,0.052734628319740295,0.06132487952709198,22.071292877197266,20.0
lh_q5_train1000,0,anchor_floor,0.7284714579582214,0.5713421702384949,0.06388110667467117,241.8899688720703,0.05,9.318555385107175e-06,13.001136779785156,0.05619698762893677,0.08546058088541031,1.5498173236846924,0.8179571375427777,10.188301384809158,0.10448051244020462,0.15211734175682068,25.095640182495117,40.0
