setting,seed,variant,gamma_mean,gamma_entropy,R_std_median,kl_per_anchor,beta,coverage_penalty,data_loss,gate_l2,grad_data_R_log_std,grad_data_R_mu,grad_data_over_scaled_KL_R_log_std,grad_data_over_scaled_KL_R_mu,grad_scaled_KL_R_log_std,grad_scaled_KL_R_mu,loss,step
l2_q2_train1000,0,anchor_uniform,0.6339250802993774,0.6329972743988037,0.04929172620177269,141.56483459472656,0.0012500000000000002,0.0,14.549756050109863,0.0,0.5106544494628906,11.35028076171875,41.751651734971176,1158.2603659246115,0.012230760417878628,0.009799420833587646,14.726712226867676,1.0
l2_q2_train1000,0,anchor_uniform,0.6150975823402405,0.5956077575683594,0.044758062809705734,131.0684814453125,0.025,3.5790682886727154e-05,11.24139404296875,0.02081606164574623,0.041650496423244476,0.879118025302887,0.2295281788796471,0.4966491932637863,0.181461364030838,1.7700985670089722,14.518108367919922,20.0
l2_q2_train1000,0,anchor_uniform,0.6269781589508057,0.5766130089759827,0.036633312702178955,91.76854705810547,0.05,0.00011611435184022412,10.821639060974121,0.07571162283420563,0.044837240129709244,0.9921329617500305,0.20150239671792108,0.9578937124931175,0.22251467406749725,1.035744309425354,15.410074234008789,40.0
