setting,seed,variant,gamma_mean,gamma_entropy,R_std_median,kl_per_anchor,beta,coverage_penalty,data_loss,gate_l2,grad_data_R_log_std,grad_data_R_mu,grad_data_over_scaled_KL_R_log_std,grad_data_over_scaled_KL_R_mu,grad_scaled_KL_R_log_std,grad_scaled_KL_R_mu,loss,step
lh_q5_train1000,0,pointwise_coverage,0.6819589734077454,0.6201781630516052,0.05028693377971649,265.6286926269531,0.0012500000000000002,0.0,22.733728408813477,0.0,0.31456977128982544,6.432962417602539,118.95008978826728,31511.838171242147,0.002644552616402507,0.00020414430764503777,23.065763473510742,1.0
lh_q5_train1000,0,pointwise_coverage,0.7089980840682983,0.597804605960846,0.05147771164774895,265.3387756347656,0.025,0.0,13.937323570251465,0.016704436391592026,0.13130740821361542,2.5689585208892822,2.4857036772503434,46.02856536141587,0.052825044840574265,0.05581226572394371,20.5707950592041,20.0
lh_q5_train1000,0,pointwise_coverage,0.7430960536003113,0.5636159777641296,0.057252734899520874,252.4851837158203,0.05,0.0,11.919008255004883,0.047267135232686996,0.08438599854707718,1.5870351791381836,0.8028006487767495,11.81463784648767,0.10511451214551926,0.13432787358760834,24.543270111083984,40.0
