setting,seed,variant,gamma_mean,gamma_entropy,R_std_median,kl_per_anchor,beta,coverage_penalty,data_loss,gate_l2,grad_data_R_log_std,grad_data_R_mu,grad_data_over_scaled_KL_R_log_std,grad_data_over_scaled_KL_R_mu,grad_scaled_KL_R_log_std,grad_scaled_KL_R_mu,loss,step
lh_q5_train1000,0,pointwise_background,0.6595966219902039,0.6367496252059937,0.05028703063726425,265.6286926269531,0.0012500000000000002,0.0,21.59389305114746,0.0,0.3095768094062805,6.331007480621338,117.0620721891132,31012.412359874175,0.002644552616402507,0.00020414430764503777,21.925928115844727,1.0
lh_q5_train1000,0,pointwise_background,0.6659677624702454,0.6314131021499634,0.051494959741830826,265.2846374511719,0.025,0.0,13.28183650970459,0.014489355497062206,0.13024824857711792,2.549029588699341,2.4656787331014707,45.80043098178502,0.05282450094819069,0.05565514415502548,19.91395378112793,20.0
lh_q5_train1000,0,pointwise_background,0.6939824819564819,0.6085863709449768,0.05730188637971878,252.2692413330078,0.05,0.0,11.547957420349121,0.03143297880887985,0.08330147713422775,1.562381386756897,0.7925305373627042,11.683624416397995,0.10510822385549545,0.13372403383255005,24.161422729492188,40.0
