setting,seed,variant,gamma_mean,gamma_entropy,R_std_median,kl_per_anchor,beta,coverage_penalty,data_loss,gate_l2,grad_data_R_log_std,grad_data_R_mu,grad_data_over_scaled_KL_R_log_std,grad_data_over_scaled_KL_R_mu,grad_scaled_KL_R_log_std,grad_scaled_KL_R_mu,loss,step
l2_q2_train1000,0,pointwise_background,0.6092944741249084,0.6494086384773254,0.049291715025901794,141.56483459472656,0.0012500000000000002,0.0,13.253213882446289,0.0,2.1842968463897705,50.38423538208008,178.59043686427117,5141.552366466994,0.012230760417878628,0.009799420833587646,13.430170059204102,1.0
l2_q2_train1000,0,pointwise_background,0.5946205258369446,0.6383670568466187,0.047110844403505325,161.6271514892578,0.025,1.6462909115944058e-05,9.944567680358887,0.01281673088669777,0.10068576782941818,2.112722873687744,0.4830285727048437,0.742293639415695,0.20844681560993195,2.8462090492248535,13.98526382446289,20.0
l2_q2_train1000,0,pointwise_background,0.5974312424659729,0.6259787082672119,0.04266160726547241,112.63108825683594,0.05,7.154508784878999e-05,9.397314071655273,0.028553318232297897,0.12762466073036194,2.6684775352478027,0.43159471847302533,0.8165358265076474,0.2957048714160919,3.2680470943450928,15.028943061828613,40.0
