dataset,seed,method,split_type,n,metric_policy,n_eval_used,n_numeric_omitted,rmse,mean_crps,wall_sec,coverage_90,mean_width_90,coverage_95,mean_width_95
Wine Quality,0,xgb_bootstrap,random_row,25,raw,20,0,0.6999787601576167,0.4247083067893982,0.6537223999912385,0.7,1.6750973835513676,0.85,1.9960016432847123
Wine Quality,0,dkl_svgp,random_row,25,raw,20,0,0.6856666982893003,0.407529354095459,0.1519329000147991,0.5,1.5579972381311742,0.75,1.8564682137762438
Wine Quality,0,lmjgp_transductive,random_row,25,raw,20,0,0.703168725674982,0.39959749579429626,3.8709213999973144,0.8,1.9400963751951612,0.95,2.3117674178502496
Wine Quality,0,lmjgp_transductive_residual_ridge,random_row,25,raw,20,0,0.6960544636410106,0.40552783012390137,4.0195815000042785,0.9,1.7065656286784006,0.9,2.0334983701028744
Wine Quality,0,lmjgp_supervised,random_row,25,raw,20,0,0.666540882352487,0.3698088824748993,3.628587899991544,0.85,1.876389564359767,0.85,2.2358560706267916
Wine Quality,0,lmjgp_supervised_residual_ridge,random_row,25,raw,20,0,0.6363136072077356,0.35075071454048157,3.5348260999890044,0.8,1.6594721501080556,0.85,1.977383029265128
