train_size,method,raw_rmse,stdx_rmse,raw_crps,stdx_crps,raw_cov90,stdx_cov90,raw_width90,stdx_width90,delta_rmse,delta_crps
200,xgb_bootstrap,7.828203536336295,7.828203536336295,5.262631416320801,5.262631416320801,0.43,0.43,10.526721548463398,10.526721548463398,0.0,0.0
200,dkl_svgp,6.641559850208215,9.989011211957969,3.8545408248901367,7.336611747741699,0.79,0.24,16.05200233306896,6.717433382045308,3.347451361749754,3.4820709228515625
500,xgb_bootstrap,8.438477738345732,8.438477738345732,6.11039924621582,6.11039924621582,0.31,0.31,7.720720525595169,7.720720525595169,0.0,0.0
500,dkl_svgp,7.105870173514586,10.055111107000334,4.104738712310791,7.9997782707214355,0.795,0.155,16.067398678539888,5.280617298663323,2.949240933485748,3.8950395584106445
1000,xgb_bootstrap,9.015205104059318,9.015205104059318,7.0216217041015625,7.0216217041015625,0.16,0.16,5.738757302210097,5.738757302210097,0.0,0.0
1000,dkl_svgp,7.021180442914844,10.111959901228149,4.07615852355957,8.260381698608398,0.79,0.06,15.4162830716393,4.872185840176531,3.090779458313305,4.184223175048828
