train_size,dataset,method,n_seeds,rmse_mean,rmse_std,mean_crps_mean,mean_crps_std,wall_sec_mean,wall_sec_std,coverage_90_mean,coverage_90_std,mean_width_90_mean,mean_width_90_std,coverage_95_mean,coverage_95_std,mean_width_95_mean,mean_width_95_std
500,Appliances Energy Prediction,jgp_pca,5,113.2040823600887,6.5665557763093805,49.10029296875,3.9349551894159536,29.517900279996685,0.9446868611299768,0.615,0.030659419433511814,103.35443437136442,16.953442793137857,0.674,0.025573423705088826,123.15440455684957,20.201273076252086
500,Appliances Energy Prediction,jgp_sir,5,120.17870715608994,11.293481514622128,51.660954284667966,7.4027430160219385,29.388331319997086,0.5119749538812112,0.631,0.01743559577416271,98.18021287679322,19.500795090848538,0.682,0.02785677655436821,116.98893936820043,23.236630555872708
500,Parkinsons Telemonitoring,jgp_pca,5,10.201784255924021,0.9053531458597976,6.913597869873047,1.015632346917549,28.597586439992302,14.917127348849831,0.45199999999999996,0.11111255554616677,14.261451939047438,1.9410859425841867,0.525,0.10324727599312244,16.993568126537347,2.3129465601222354
500,Parkinsons Telemonitoring,jgp_sir,5,10.157513756559517,0.31661148411524354,6.933297061920166,0.46620889756919515,22.77920102000935,2.9831774706353333,0.43200000000000005,0.06660330322138686,14.176980478345135,1.1747701932463521,0.501,0.073307571232445,16.892914172905712,1.399825024638462
500,Wine Quality,jgp_pca,5,0.8386561792900362,0.02835625822148465,0.4783315896987915,0.015649996959696797,35.2345564200019,1.3579820277815873,0.768,0.012083045973594584,1.8547026818593655,0.06428861972914102,0.8109999999999999,0.01240967364599082,2.2100145562565943,0.07660461528022951
500,Wine Quality,jgp_sir,5,0.8026627739657346,0.03872236014261205,0.4691019833087921,0.02784992711177377,34.66198150000419,1.5615083121879552,0.752,0.023366642891095867,1.7936455109177107,0.03394733909545019,0.806,0.02083266665599963,2.1372604497010195,0.04045074948180428
