setting,seed,variant,gamma_mean,gamma_entropy,R_std_median,kl_per_anchor,beta,coverage_penalty,data_loss,gate_l2,grad_data_R_log_std,grad_data_R_mu,grad_data_over_scaled_KL_R_log_std,grad_data_over_scaled_KL_R_mu,grad_scaled_KL_R_log_std,grad_scaled_KL_R_mu,loss,step
lh_q5_train1000,0,pointwise_pca_map_soft,0.6819341778755188,0.6206928491592407,0.049787066876888275,125.72853088378906,0.0012500000000000002,0.0,23.450756072998047,0.0,0.0,3.9691755771636963,,39451.77443162815,0.0,0.0001006082893582061,23.6079158782959,1.0
lh_q5_train1000,0,pointwise_pca_map_soft,0.710932731628418,0.5983420014381409,0.049787066876888275,130.35586547851562,0.025,2.157630945021083e-07,12.955107688903809,0.017657380551099777,0.0,1.3181155920028687,,30.05496516499549,0.0,0.04385683313012123,16.214006423950195,20.0
lh_q5_train1000,0,pointwise_pca_map_soft,0.7468372583389282,0.5621339678764343,0.049787066876888275,131.56985473632812,0.05,1.2512333569247858e-07,10.627798080444336,0.0467461496591568,0.0,0.5314921736717224,,5.690850632691715,0.0,0.09339415282011032,17.206295013427734,40.0
lh_q5_train1000,0,pointwise_pca_map_soft,0.7662313580513,0.5401303172111511,0.049787066876888275,131.117919921875,0.05,0.0,9.336730003356934,0.07080929726362228,0.0,0.3192031979560852,,3.762190270184727,0.0,0.08484504371881485,15.892632484436035,60.0
