setting,seed,variant,gamma_mean,gamma_entropy,R_std_median,kl_per_anchor,beta,coverage_penalty,data_loss,gate_l2,grad_data_R_log_std,grad_data_R_mu,grad_data_over_scaled_KL_R_log_std,grad_data_over_scaled_KL_R_mu,grad_scaled_KL_R_log_std,grad_scaled_KL_R_mu,loss,step
l2_q2_train1000,0,pointwise_pairwarm_map_soft,0.6449993848800659,0.6307297945022583,0.049787066876888275,701.6182861328125,0.0012500000000000002,0.0,12.916766166687012,0.0,0.0,16.27305793762207,,23.62316951038324,0.0,0.6888600587844849,13.79378890991211,1.0
l2_q2_train1000,0,pointwise_pairwarm_map_soft,0.6556399464607239,0.6141262054443359,0.049787066876888275,469.20245361328125,0.025,7.58831947678118e-06,9.849169731140137,0.01761561445891857,0.0,1.0678694248199463,,0.4067533511067004,0.0,2.6253488063812256,21.579233169555664,20.0
l2_q2_train1000,0,pointwise_pairwarm_map_soft,0.6727235317230225,0.5926967859268188,0.049787066876888275,445.5609130859375,0.05,5.170295116840862e-05,9.27241039276123,0.04497566819190979,0.0,0.9002768397331238,,0.5726071202187287,0.0,1.5722417831420898,31.550460815429688,40.0
l2_q2_train1000,0,pointwise_pairwarm_map_soft,0.6863083243370056,0.5814594030380249,0.049787066876888275,441.2999267578125,0.05,6.514775304822251e-05,8.967737197875977,0.06885739415884018,0.0,4.059200763702393,,4.832704012974165,0.0,0.8399440050125122,31.03274154663086,60.0
