setting,seed,variant,gamma_mean,gamma_entropy,R_std_median,kl_per_anchor,beta,coverage_penalty,data_loss,gate_l2,grad_data_R_log_std,grad_data_R_mu,grad_data_over_scaled_KL_R_log_std,grad_data_over_scaled_KL_R_mu,grad_scaled_KL_R_log_std,grad_scaled_KL_R_mu,loss,step
l2_q2_train1000,0,anchor_pca_background_map_soft,0.6092506647109985,0.6495093107223511,0.049787066876888275,437.2530212402344,0.0012500000000000002,0.0,13.236315727233887,0.0,0.0,10.837271690368652,,583.3117216929205,0.0,0.018578868359327316,13.782881736755371,1.0
l2_q2_train1000,0,anchor_pca_background_map_soft,0.5609040260314941,0.6245328187942505,0.049787066876888275,450.6271667480469,0.025,3.0565530323656276e-05,10.091924667358398,0.0216972753405571,0.0,0.6146933436393738,,0.4718265009939519,0.0,1.3027952909469604,21.357637405395508,20.0
l2_q2_train1000,0,anchor_pca_background_map_soft,0.5661501884460449,0.6107131838798523,0.049787066876888275,439.8497009277344,0.05,0.00012152804265497252,9.714606285095215,0.07239732146263123,0.0,0.397477388381958,,0.5432214297873499,0.0,0.7317041754722595,31.70722198486328,40.0
l2_q2_train1000,0,anchor_pca_background_map_soft,0.5746221542358398,0.6053135991096497,0.049787066876888275,438.54864501953125,0.05,0.00015580370381940156,9.49099349975586,0.1239224523305893,0.0,0.290676087141037,,0.8168470055684611,0.0,0.35585132241249084,31.418594360351562,60.0
