setting,seed,variant,gamma_mean,gamma_entropy,R_std_median,kl_per_anchor,beta,coverage_penalty,data_loss,gate_l2,grad_data_R_log_std,grad_data_R_mu,grad_data_over_scaled_KL_R_log_std,grad_data_over_scaled_KL_R_mu,grad_scaled_KL_R_log_std,grad_scaled_KL_R_mu,loss,step
lh_q5_train1000,0,pointwise_pairwarm_map_soft,0.6623926162719727,0.6176726222038269,0.049787066876888275,126.88719177246094,0.0012500000000000002,0.0,19.60799217224121,0.0,0.0,19.267553329467773,,23936.07713632401,0.0,0.0008049586904235184,19.7666015625,1.0
lh_q5_train1000,0,pointwise_pairwarm_map_soft,0.7198754549026489,0.5850116014480591,0.049787066876888275,128.85711669921875,0.025,3.865559392579598e-06,10.158791542053223,0.02173738181591034,0.0,0.848057210445404,,26.507535567108015,0.0,0.03199306130409241,13.380221366882324,20.0
lh_q5_train1000,0,pointwise_pairwarm_map_soft,0.755337655544281,0.5473751425743103,0.049787066876888275,129.2669219970703,0.05,1.999888991122134e-05,8.319697380065918,0.06162527576088905,0.0,0.44188159704208374,,6.479008398817687,0.0,0.06820204108953476,14.783048629760742,40.0
lh_q5_train1000,0,pointwise_pairwarm_map_soft,0.7716944217681885,0.5276433825492859,0.049787066876888275,129.3183135986328,0.05,2.180600495194085e-05,7.477525234222412,0.0997714102268219,0.0,0.2848077714443207,,4.2473792666491175,0.0,0.06705494225025177,13.943450927734375,60.0
