setting,seed,variant,gamma_mean,gamma_entropy,R_std_median,kl_per_anchor,beta,coverage_penalty,data_loss,gate_l2,grad_data_R_log_std,grad_data_R_mu,grad_data_over_scaled_KL_R_log_std,grad_data_over_scaled_KL_R_mu,grad_scaled_KL_R_log_std,grad_scaled_KL_R_mu,loss,step
l2_q2_train1000,0,pointwise_pca_map_soft,0.6361486911773682,0.6328620314598083,0.049787066876888275,437.2530212402344,0.0012500000000000002,0.0,14.516264915466309,0.0,0.0,33.28740692138672,,1791.68107958973,0.0,0.018578868359327316,15.062830924987793,1.0
l2_q2_train1000,0,pointwise_pca_map_soft,0.6501179933547974,0.6098421216011047,0.049787066876888275,464.6712341308594,0.025,1.227254051627824e-05,10.1367826461792,0.02054504305124283,0.0,0.8158161044120789,,0.34169904710571913,0.0,2.38752818107605,21.753564834594727,20.0
l2_q2_train1000,0,pointwise_pca_map_soft,0.6664101481437683,0.5878250002861023,0.049787066876888275,442.9329528808594,0.05,7.47192680137232e-05,9.664711952209473,0.048040568828582764,0.0,0.7502583861351013,,0.5157247693968997,0.0,1.4547650814056396,31.811365127563477,40.0
l2_q2_train1000,0,pointwise_pca_map_soft,0.679550290107727,0.5758534669876099,0.049787066876888275,439.9967956542969,0.05,0.00010310553625458851,9.365901947021484,0.06800279766321182,0.0,0.5125941038131714,,0.7819077220165341,0.0,0.655568540096283,31.36574935913086,60.0
