dataset,method,n_seeds,rmse_mean,rmse_std,mean_crps_mean,mean_crps_std,wall_sec_mean,wall_sec_std,coverage_90_mean,coverage_90_std,mean_width_90_mean,mean_width_90_std,coverage_95_mean,coverage_95_std,mean_width_95_mean,mean_width_95_std
Parkinsons Telemonitoring,lmjgp_supervised,1,8.453014178595392,0.0,5.213400363922119,0.0,66.15730760002043,0.0,0.72,0.0,22.7873331852872,0.0,0.805,0.0,27.152782238534684,0.0
Parkinsons Telemonitoring,lmjgp_supervised_residual_ridge,1,8.623548511012999,0.0,5.333209037780762,0.0,64.75474960001884,0.0,0.71,0.0,22.020719560762686,0.0,0.775,0.0,26.239305762873744,0.0
Parkinsons Telemonitoring,lmjgp_transductive,1,8.438494301946116,0.0,5.211526870727539,0.0,71.25528909999412,0.0,0.72,0.0,22.81915312710011,0.0,0.785,0.0,27.190698037801923,0.0
Parkinsons Telemonitoring,lmjgp_transductive_residual_ridge,1,8.824081560368095,0.0,5.446995258331299,0.0,72.64618030001293,0.0,0.73,0.0,22.80331911208049,0.0,0.795,0.0,27.17183064518983,0.0
