{
  "count": 45,
  "mean": 0.049512591951424385,
  "median": 0.009884191539560584,
  "p90": 0.17505269607995105,
  "frac_near_zero": 0.0,
  "bin_edges": [
    1.6759719511400013e-06,
    0.013196541325454642,
    0.026391406678958142,
    0.039586272032461636,
    0.05278113738596514,
    0.06597600273946864,
    0.07917086809297214,
    0.09236573344647564,
    0.10556059879997914,
    0.11875546415348265,
    0.13195032950698615,
    0.14514519486048966,
    0.15834006021399313,
    0.17153492556749664,
    0.18472979092100014,
    0.19792465627450365,
    0.21111952162800715,
    0.22431438698151066,
    0.23750925233501416,
    0.2507041176885177,
    0.2638989830420212
  ],
  "bin_counts": [
    25,
    5,
    1,
    1,
    2,
    0,
    2,
    0,
    1,
    0,
    0,
    2,
    1,
    1,
    0,
    0,
    1,
    1,
    1,
    1
  ]
}