{
  "variant": "center",
  "reward_advantage": "center",
  "anchor_weight": "uniform",
  "noise_std": 0.5,
  "rmse_cem": 0.415032025992884,
  "crps_cem": 0.2394530028104782,
  "w_drift_test": 0.09389527225990255,
  "w_drift_reward": 0.08775740821419505,
  "anchor_weight_active_frac_last": 1.0,
  "explore_reward_spread_mean": 0.049512591951424385,
  "explore_reward_spread_median": 0.009884191539560584,
  "explore_reward_spread_p90": 0.17505269607995105,
  "explore_reward_spread_frac_near_zero": 0.0,
  "explore_top_anchor_overlap_mean": 0.4666666666666667,
  "explore_top_anchor_overlap_last": 0.6,
  "explore_rank_stability_spread_mean": 0.8857142857142856,
  "explore_rank_stability_spread_last": 0.9464285714285712,
  "explore_mean_delta_reward_vs_w0": 0.002260495502045892,
  "explore_frac_delta_reward_positive": 0.5244444444444445,
  "explore_mean_best_delta_reward_vs_w0": 0.06489605187637922,
  "explore_frac_best_delta_positive": 0.9555555555555556,
  "explore_mean_delta_reward_top_anchors": 0.008749868345353915,
  "explore_frac_delta_top_positive": 0.5166666666666667,
  "explore_mean_delta_reward_top_anchors_last": 0.030270194336530044,
  "explore_mean_best_delta_top_anchors_last": 0.2933739324249419,
  "rmse": 0.415032025992884,
  "mean_crps": 0.2394530028104782,
  "wall_sec": 4.820615300006466,
  "coverage_90": 0.9,
  "mean_width_90": 1.450785035681269,
  "coverage_95": 0.95,
  "mean_width_95": 1.728716995028297,
  "final_ensemble_samples": 5,
  "final_hyper_steps": 4,
  "final_gate_steps": 6,
  "final_ensemble_cem_sec": 4.61567020000075,
  "final_ensemble_pred_sec": 0.20494510000571609,
  "final_ensemble_total_sec": 4.820615300006466,
  "final_ensemble_mean_n_inliers": 33.06,
  "final_ensemble_fallback_count": 0,
  "final_ensemble_within_sigma_mean": 0.44051829975661205,
  "final_ensemble_between_sigma_mean": 0.0076810700183009804
}