{
  "variant": "center",
  "reward_advantage": "center",
  "anchor_weight": "uniform",
  "noise_std": 0.5,
  "explore_reward_spread_mean": 0.044301847387791915,
  "explore_reward_spread_last": 0.04977913435154875,
  "anchor_weight_active_frac_last": 1.0,
  "rmse": 2.108714508543958,
  "mean_crps": 0.6584686040878296,
  "wall_sec": 6.03500079998048,
  "coverage_90": 0.84,
  "mean_width_90": 1.4356703065082723,
  "coverage_95": 0.88,
  "mean_width_95": 1.7107066843661527,
  "final_ensemble_samples": 5,
  "final_hyper_steps": 4,
  "final_gate_steps": 6,
  "final_ensemble_cem_sec": 5.765971399989212,
  "final_ensemble_pred_sec": 0.2690293999912683,
  "final_ensemble_total_sec": 6.03500079998048,
  "final_ensemble_mean_n_inliers": 32.368,
  "final_ensemble_fallback_count": 0,
  "final_ensemble_within_sigma_mean": 0.43566946340372625,
  "final_ensemble_between_sigma_mean": 0.01014609865974672
}