dataset,method,n_seeds,rmse_mean,rmse_std,mean_crps_mean,mean_crps_std,wall_sec_mean,wall_sec_std,coverage_90_mean,coverage_90_std,mean_width_90_mean,mean_width_90_std,coverage_95_mean,coverage_95_std,mean_width_95_mean,mean_width_95_std
Appliances Energy Prediction,dkl_svgp,5,113.84303068879198,8.096678854373442,52.36993179321289,4.937978105399118,1.992507140035741,0.2106016161835929,0.581,0.023108440016582684,58.88125083726138,8.12995658757094,0.631,0.02059126028197402,70.16133783258877,9.687440782828592
Appliances Energy Prediction,xgb_bootstrap,5,98.47739760927662,9.59079837691428,43.36564178466797,4.692270826207292,11.409763799980283,0.6379840011104619,0.8800000000000001,0.022135943621178676,176.07322101155427,22.153707007100994,0.913,0.021587033144922895,209.80418328419978,26.397770079058585
Parkinsons Telemonitoring,dkl_svgp,5,7.860154359214684,1.030496153030649,4.934474849700928,0.8856780885384031,1.6925950800068676,0.21239211770770672,0.65,0.13939153489362255,15.266830753996231,0.7179994676838674,0.6990000000000001,0.1385063175454463,18.191550874565383,0.8555491349023425
Parkinsons Telemonitoring,xgb_bootstrap,5,9.532710521114138,0.7271357670060977,7.0371496200561525,0.6295335006907614,11.679705599998124,1.068884148624575,0.246,0.07045565981523413,7.866231046083276,0.34188730525734573,0.288,0.06546754921333163,9.37319241771591,0.4073838511197921
Wine Quality,dkl_svgp,5,0.8516540987075192,0.0640678986153277,0.5979931592941284,0.0491776958132785,1.6892592399846762,0.13024492420384354,0.22400000000000003,0.02922327839240491,0.48607117857743914,0.021205471492755427,0.272,0.03009983388658482,0.5791895329315067,0.02526787777342916
Wine Quality,xgb_bootstrap,5,0.7201957579877588,0.01821881654116885,0.41994212865829467,0.007743514766942765,8.017425399972126,0.507704198960838,0.6519999999999999,0.025806975801127903,1.2645553857246086,0.023013335917892414,0.738,0.022934689882359447,1.5068106802122831,0.027422081104437532
