dataset,seed,method,split_type,n,metric_policy,n_eval_used,n_numeric_omitted,rmse,mean_crps,wall_sec,coverage_90,mean_width_90,coverage_95,mean_width_95
Parkinsons Telemonitoring,0,xgb_bootstrap,subject_grouped,25,raw,200,0,7.828203536336295,5.262631416320801,2.7122216999996454,0.43,10.526721548463398,0.495,12.543362383258842
Parkinsons Telemonitoring,0,dkl_svgp,subject_grouped,25,raw,200,0,9.989011211957969,7.336611747741699,0.8816869999864139,0.24,6.717433382045308,0.295,8.004315570472535
