setting,control,n_seeds,rmse_mean,rmse_std,mean_crps_mean,mean_crps_std,coverage_90_mean,coverage_90_std,mean_width_90_mean,mean_width_90_std,coverage_95_mean,coverage_95_std,mean_width_95_mean,mean_width_95_std
l2_q2_train1000,anchor_shuffled,5,2.515801434799763,0.21663812249463338,1.3645690441131593,0.11262197117785722,0.806,0.02517935662402832,6.187586976647272,0.1452277145576446,0.875,0.018708286933869722,7.372964637537033,0.17304949536305708
l2_q2_train1000,global_mean,5,2.5718337417804937,0.23942435320767225,1.3938632249832152,0.10779314146120143,0.799,0.020346989949375793,5.837335282933298,0.12598237176703184,0.8560000000000001,0.016552945357246864,6.955614002832928,0.15011725499730585
l2_q2_train1000,learned_qw,5,2.4825857317105515,0.16232192396635053,1.3558940887451172,0.08497640601953695,0.794,0.022671568097509247,5.965774118598888,0.12925726319746925,0.8560000000000001,0.017720045146669368,7.108658315102448,0.15401952882384282
l2_q2_train1000,prior_qw,5,2.4799821125687367,0.1644015079755534,1.351202654838562,0.08642485659582622,0.799,0.015297058540778322,6.112172107583725,0.22429272289535146,0.8710000000000001,0.01067707825203132,7.283102278454477,0.2672612636566731
lh_q5_train1000,anchor_shuffled,4,609.0521571180104,57.24310730029278,259.53448486328125,41.68688801175999,0.4275,0.15469728504404984,355.98858209710534,213.5867863994576,0.4825,0.13325257971236426,424.18655884350704,254.50435349220098
lh_q5_train1000,global_mean,4,611.2087415459598,65.27009157850733,260.53208923339844,45.754751947087136,0.37375,0.12521855892798003,149.46882855477514,77.99997912440418,0.42125,0.11913096784631608,178.10309439004823,92.94270771196015
lh_q5_train1000,learned_qw,4,600.3013564949672,102.79355793080354,254.9339599609375,66.78323482833923,0.4675,0.15710267343364973,260.6378421358879,96.88426975560276,0.5225,0.14532291629333619,310.56914440548434,115.44472789434832
lh_q5_train1000,prior_qw,4,601.7876108084954,61.68436319788806,260.1770706176758,46.97817905629816,0.5862499999999999,0.09269405320731205,491.48728649565726,299.517023445034,0.6325000000000001,0.09357483636106452,585.6432235713017,356.8965463491816
