setting,control,n_seeds,rmse_mean,rmse_std,mean_crps_mean,mean_crps_std,coverage_90_mean,coverage_90_std,mean_width_90_mean,mean_width_90_std,coverage_95_mean,coverage_95_std,mean_width_95_mean,mean_width_95_std,n_dropped_metric_points_sum,n_metric_points_sum
l2_q2_train1000,anchor_shuffled,5,2.515801434799763,0.21663812249463338,1.3645690441131593,0.11262197117785722,0.806,0.02517935662402832,6.187586976647272,0.1452277145576446,0.875,0.018708286933869722,7.372964637537033,0.17304949536305708,0,1000
l2_q2_train1000,global_mean,5,2.5718337417804937,0.23942435320767225,1.3938632249832152,0.10779314146120143,0.799,0.020346989949375793,5.837335282933298,0.12598237176703184,0.8560000000000001,0.016552945357246864,6.955614002832928,0.15011725499730585,0,1000
l2_q2_train1000,learned_qw,5,2.4825857317105515,0.16232192396635053,1.3558940887451172,0.08497640601953695,0.794,0.022671568097509247,5.965774118598888,0.12925726319746925,0.8560000000000001,0.017720045146669368,7.108658315102448,0.15401952882384282,0,1000
l2_q2_train1000,prior_qw,5,2.4799821125687367,0.1644015079755534,1.351202654838562,0.08642485659582622,0.799,0.015297058540778322,6.112172107583725,0.22429272289535146,0.8710000000000001,0.01067707825203132,7.283102278454477,0.2672612636566731,0,1000
lh_q5_train1000,anchor_shuffled,5,580.2842920605142,77.01804273402121,239.699560546875,54.44202601147638,0.47000000000000003,0.1623884232326923,322.26221166337666,202.5964572989626,0.523,0.14410412901787373,383.99910976217006,241.40856863799755,0,1000
lh_q5_train1000,global_mean,5,572.3336790680057,97.22772142960414,234.56005249023437,66.12854626365709,0.417,0.1415132502630054,147.99013672261435,69.82795652791212,0.47000000000000003,0.1444299137990465,176.34112439601287,83.20514218787328,0,1000
lh_q5_train1000,learned_qw,5,564.9493374624662,115.9839361306384,232.1033172607422,75.18612470213907,0.509678391959799,0.163893462326164,249.21378130087834,89.61744274810079,0.560713567839196,0.15078496963558183,296.9565363126221,106.78576944162332,1,999
lh_q5_train1000,prior_qw,5,567.1315081005516,88.58978694024138,235.59371032714844,64.67554297145092,0.612,0.0976012295004525,436.26400578146365,289.7702551989298,0.659,0.09906563480844405,519.8406259817729,345.28255564811946,0,1000
