{
  "count": 45,
  "mean": 0.04950504975290937,
  "median": 0.007083688065212907,
  "p90": 0.17505269607995105,
  "frac_near_zero": 0.0,
  "bin_edges": [
    1.6785777958147317e-06,
    0.013188892409882517,
    0.026376106241969222,
    0.03956332007405593,
    0.05275053390614263,
    0.06593774773822933,
    0.07912496157031604,
    0.09231217540240273,
    0.10549938923448944,
    0.11868660306657615,
    0.13187381689866284,
    0.14506103073074955,
    0.15824824456283626,
    0.17143545839492297,
    0.18462267222700965,
    0.19780988605909636,
    0.21099709989118307,
    0.22418431372326977,
    0.23737152755535648,
    0.25055874138744316,
    0.26374595521952987
  ],
  "bin_counts": [
    25,
    5,
    0,
    2,
    2,
    0,
    2,
    0,
    1,
    0,
    0,
    1,
    2,
    1,
    0,
    0,
    1,
    1,
    1,
    1
  ]
}