{
  "variant": "hard_center_spread",
  "reward_advantage": "center",
  "anchor_weight": "spread_std",
  "noise_std": 0.5,
  "rmse_cem": 0.41384229097053044,
  "crps_cem": 0.23877274990081787,
  "w_drift_test": 0.10477499983653075,
  "w_drift_reward": 0.10052320094921205,
  "anchor_weight_active_frac_last": 1.0,
  "explore_reward_spread_mean": 0.04950504975290937,
  "explore_reward_spread_median": 0.007083688065212907,
  "explore_reward_spread_p90": 0.17505269607995105,
  "explore_reward_spread_frac_near_zero": 0.0,
  "explore_top_anchor_overlap_mean": 0.4666666666666667,
  "explore_top_anchor_overlap_last": 0.6,
  "explore_rank_stability_spread_mean": 0.8767857142857141,
  "explore_rank_stability_spread_last": 0.9464285714285712,
  "explore_mean_delta_reward_vs_w0": 0.002369018480139895,
  "explore_frac_delta_reward_positive": 0.5155555555555555,
  "explore_mean_best_delta_reward_vs_w0": 0.06485170779880026,
  "explore_frac_best_delta_positive": 0.9333333333333333,
  "explore_mean_delta_reward_top_anchors": 0.008973176585570201,
  "explore_frac_delta_top_positive": 0.5,
  "explore_mean_delta_reward_top_anchors_last": 0.032302325992725325,
  "explore_mean_best_delta_top_anchors_last": 0.29035490375128425,
  "rmse": 0.41384229097053044,
  "mean_crps": 0.23877274990081787,
  "wall_sec": 4.990438799984986,
  "coverage_90": 0.9,
  "mean_width_90": 1.4511687362877563,
  "coverage_95": 0.95,
  "mean_width_95": 1.7291742025008887,
  "final_ensemble_samples": 5,
  "final_hyper_steps": 4,
  "final_gate_steps": 6,
  "final_ensemble_cem_sec": 4.773703199985903,
  "final_ensemble_pred_sec": 0.2167355999990832,
  "final_ensemble_total_sec": 4.990438799984986,
  "final_ensemble_mean_n_inliers": 33.06,
  "final_ensemble_fallback_count": 0,
  "final_ensemble_within_sigma_mean": 0.4408304939958836,
  "final_ensemble_between_sigma_mean": 0.00684424753779921
}