step,elbo,pred_sec,rmse,mean_crps,wall_sec,coverage_90,mean_width_90,coverage_95,mean_width_95
150,-23.951325671070755,0.03406689999974333,810.5834292873217,805.29736328125,0.03406689999974333,0.0,0.3494725960937977,0.0,0.4164222826301156
300,-8.794318540160369,0.034517699998104945,810.54767887006,805.3003540039062,0.034517699998104945,0.0,0.16712726158930175,0.0,0.19914441515196285
450,-5.600019433999535,0.03383659999235533,810.5359763967102,805.2955322265625,0.03383659999235533,0.0,0.14246331760449982,0.0,0.16975551322485463
600,-4.302611500158919,0.03500319999875501,810.530230904709,805.2923583984375,0.03500319999875501,0.0,0.1351593185035014,0.0,0.16105226149077664
750,-3.5645076425755606,0.09564849999151193,810.52709371427,805.289794921875,0.09564849999151193,0.0,0.13610573272760695,0.0,0.16217998359522992
900,-3.014398072596325,0.08447329999762587,810.5253644207476,805.2874755859375,0.08447329999762587,0.0,0.142147313099983,0.0,0.16937897063306584
