setting,seed,variant,gamma_mean,gamma_entropy,R_std_median,kl_per_anchor,beta,coverage_penalty,data_loss,gate_l2,grad_data_R_log_std,grad_data_R_mu,grad_data_over_scaled_KL_R_log_std,grad_data_over_scaled_KL_R_mu,grad_scaled_KL_R_log_std,grad_scaled_KL_R_mu,loss,step
l2_q2_train1000,0,pointwise_coverage,0.6354457139968872,0.6332346796989441,0.049291715025901794,141.56483459472656,0.0012500000000000002,0.0,14.511645317077637,0.0,2.245659112930298,51.80085372924805,183.6074811394425,5286.113802400832,0.012230760417878628,0.009799420833587646,14.68860149383545,1.0
l2_q2_train1000,0,pointwise_coverage,0.6484953761100769,0.6083239316940308,0.04713389649987221,163.40975952148438,0.025,1.0298296729160938e-05,10.875544548034668,0.015399868600070477,0.09753894060850143,2.0332138538360596,0.4668289462804623,0.6890935898882862,0.2089393585920334,2.9505627155303955,14.960801124572754,20.0
l2_q2_train1000,0,pointwise_coverage,0.659736156463623,0.5923851728439331,0.04285269230604172,114.84871673583984,0.05,6.27755798632279e-05,10.16974925994873,0.034942347556352615,0.11980807036161423,2.5907516479492188,0.40140345718176584,0.7016139238052507,0.29847294092178345,3.6925601959228516,15.912252426147461,40.0
