setting,seed,variant,gamma_mean,gamma_entropy,R_std_median,kl_per_anchor,beta,coverage_penalty,data_loss,gate_l2,grad_data_R_log_std,grad_data_R_mu,grad_data_over_scaled_KL_R_log_std,grad_data_over_scaled_KL_R_mu,grad_scaled_KL_R_log_std,grad_scaled_KL_R_mu,loss,step
l2_q2_train1000,0,anchor_background,0.6085847616195679,0.6495456695556641,0.04929172620177269,141.56483459472656,0.0012500000000000002,0.0,13.353039741516113,0.0,0.5063400268554688,11.254831314086914,41.39889994688428,1148.5200507322136,0.012230760417878628,0.009799420833587646,13.529995918273926,1.0
l2_q2_train1000,0,anchor_background,0.5650063753128052,0.6232959032058716,0.044752269983291626,130.83958435058594,0.025,2.5939016268239357e-05,10.179977416992188,0.021563973277807236,0.040198590606451035,0.8476851582527161,0.2214871810859108,0.48371616455399946,0.18149398267269135,1.7524433135986328,13.450994491577148,20.0
l2_q2_train1000,0,anchor_background,0.56986403465271,0.6093643307685852,0.03663938492536545,91.66255187988281,0.05,0.00011993043881375343,9.85157299041748,0.07642721384763718,0.04348645359277725,0.9412403702735901,0.195454503442165,0.9230811542970584,0.2224888801574707,1.0196723937988281,14.43482780456543,40.0
