setting,seed,variant,gamma_mean,gamma_entropy,R_std_median,kl_per_anchor,beta,coverage_penalty,data_loss,gate_l2,grad_data_R_log_std,grad_data_R_mu,grad_data_over_scaled_KL_R_log_std,grad_data_over_scaled_KL_R_mu,grad_scaled_KL_R_log_std,grad_scaled_KL_R_mu,loss,step
lh_q5_train1000,0,anchor_uniform,0.6819649934768677,0.6201664209365845,0.05028730258345604,265.6286926269531,0.0012500000000000002,0.0,22.466264724731445,0.0,0.2096727192401886,4.169450759887695,79.28475987221242,20424.036249462417,0.002644552616402507,0.00020414430764503777,22.79829978942871,1.0
lh_q5_train1000,0,anchor_uniform,0.6987312436103821,0.6029505133628845,0.05366770178079605,261.43463134765625,0.025,0.0,15.5236177444458,0.020895138382911682,0.08811330795288086,1.7436460256576538,1.6708810147179096,28.425689960616918,0.05273463949561119,0.06134049966931343,22.059484481811523,20.0
lh_q5_train1000,0,anchor_uniform,0.7282735109329224,0.5706593990325928,0.0638865977525711,241.8759765625,0.05,2.1183052012929693e-05,12.952445030212402,0.056153763085603714,0.08516845107078552,1.5419749021530151,0.815159080976158,10.150451036012047,0.10448077321052551,0.15191195905208588,25.046249389648438,40.0
