setting,seed,variant,gamma_mean,gamma_entropy,R_std_median,kl_per_anchor,beta,coverage_penalty,data_loss,gate_l2,grad_data_R_log_std,grad_data_R_mu,grad_data_over_scaled_KL_R_log_std,grad_data_over_scaled_KL_R_mu,grad_scaled_KL_R_log_std,grad_scaled_KL_R_mu,loss,step
l2_q2_train1000,0,anchor_floor,0.6347047090530396,0.6334275603294373,0.04929172620177269,141.56483459472656,0.0012500000000000002,0.0,14.606167793273926,0.0,0.5185844898223877,11.525601387023926,42.40002028180795,1176.151282976196,0.012230760417878628,0.009799420833587646,14.783123970031738,1.0
l2_q2_train1000,0,anchor_floor,0.6158331036567688,0.5974574089050293,0.04479409381747246,131.49310302734375,0.025,2.100191341014579e-05,11.25959300994873,0.020677315071225166,0.04198587313294411,0.8845980763435364,0.23089487547300672,0.49582482101980985,0.18183977901935577,1.784093976020813,14.54692268371582,20.0
l2_q2_train1000,0,anchor_floor,0.6276572346687317,0.579005777835846,0.036670319736003876,91.96111297607422,0.05,8.27315088827163e-05,10.804455757141113,0.07497259974479675,0.045947909355163574,1.0054363012313843,0.20584318675296176,0.9609271108185266,0.22321802377700806,1.0463190078735352,15.402519226074219,40.0
