dataset,seed,method,split_type,n,metric_policy,n_eval_used,n_numeric_omitted,rmse,mean_crps,wall_sec,coverage_90,mean_width_90,coverage_95,mean_width_95
Parkinsons Telemonitoring,0,xgb_bootstrap,subject_grouped,25,raw,200,0,9.015205104059318,7.0216217041015625,5.638878800004022,0.16,5.738757302210097,0.19,6.838151093841905
Parkinsons Telemonitoring,0,dkl_svgp,subject_grouped,25,raw,200,0,10.111959901228149,8.260381698608398,1.5713894999935292,0.06,4.872185840176531,0.09,5.805567508417425
