{
  "M": 35,
  "mode": "CEM",
  "rmse": 929.4664022283226,
  "mean_crps": 530.8874548247113,
  "wall_sec": 17.104728339000076,
  "coverage_90": 0.56,
  "mean_width_90": 107.15521889358409,
  "coverage_95": 0.565,
  "mean_width_95": 127.68331865260065
}