dataset,train_size,method,n,n_neighbors,m_inducing,qr_train_anchor_count,qr_train_anchor_strategy,qr_train_n_neighbors,lowrank_rank,lowrank_qr_w_signal_var,split_type,rmse_mean,rmse_std,mean_crps_mean,mean_crps_std,wall_sec_mean,wall_sec_std,coverage_90_mean,coverage_90_std,mean_width_90_mean,mean_width_90_std,coverage_95_mean,coverage_95_std,mean_width_95_mean,mean_width_95_std,train_sec_mean,train_sec_std,pred_sec_mean,pred_sec_std,init_inlier_rate_mean,init_inlier_rate_std,final_inlier_rate_mean,final_inlier_rate_std,label_change_rate_mean,label_change_rate_std,mean_noise_var_mean,mean_noise_var_std
Parkinsons Telemonitoring,500,original_meanw_jumpgp_cem,1,25,40,0,kmeans_yvar,25,0,0.1,subject_grouped,10.791921278658483,0.0,7.806286811828613,0.0,42.33204080001451,0.0,0.295,0.0,12.217931413928563,0.0,0.37,0.0,14.558563232925906,0.0,40.27384260005783,0.0,0.0,0.0,0.6444000000000001,0.0,0.6444000000000001,0.0,0.0,0.0,,
Parkinsons Telemonitoring,500,self_cem2_nstd0.05_kcov0.1,1,25,40,0,kmeans_yvar,25,,,subject_grouped,10.95825352666709,0.0,7.726891040802002,0.0,254.95658610004466,0.0,0.315,0.0,13.72104117370825,0.0,0.405,0.0,16.349628982307475,0.0,211.0397699000314,0.0,1.100891900015995,0.0,0.6444000000000001,0.0,0.6784,0.0,0.054400000000000004,0.0,0.0597438379801088,0.0
Parkinsons Telemonitoring,500,self_cem2_nstd0.15_kcov0.1,1,25,40,0,kmeans_yvar,25,,,subject_grouped,10.903664295502244,0.0,7.635119438171387,0.0,254.486236799974,0.0,0.335,0.0,13.996070413000886,0.0,0.43,0.0,16.677346534116673,0.0,203.03740660008043,0.0,1.0979926000582054,0.0,0.6444000000000001,0.0,0.679,0.0,0.055,0.0,0.07535233155183181,0.0
Parkinsons Telemonitoring,500,self_cem2_nstd0.1_kcov0.1,1,25,40,0,kmeans_yvar,25,,,subject_grouped,10.933791996742595,0.0,7.687798500061035,0.0,241.29970329999924,0.0,0.325,0.0,13.81503384446749,0.0,0.395,0.0,16.46162815748045,0.0,187.9862025999464,0.0,1.697280199965462,0.0,0.6444000000000001,0.0,0.6788000000000001,0.0,0.055200000000000006,0.0,0.06540945482023874,0.0
