setting,seed,variant,gamma_mean,gamma_entropy,R_std_median,kl_per_anchor,beta,coverage_penalty,data_loss,gate_l2,grad_data_R_log_std,grad_data_R_mu,grad_data_over_scaled_KL_R_log_std,grad_data_over_scaled_KL_R_mu,grad_scaled_KL_R_log_std,grad_scaled_KL_R_mu,loss,step
l2_q2_train1000,0,pointwise_pca_map_soft,0.6232615113258362,0.6364086270332336,0.049787066876888275,75.5598373413086,0.0012500000000000002,0.0,16.524829864501953,0.0,0.0,36.584808349609375,,102601.63402716641,0.0,0.0003565713996067643,16.619279861450195,1.0
l2_q2_train1000,0,pointwise_pca_map_soft,0.6232615113258362,0.6364086270332336,0.049787066876888275,75.67865753173828,0.00375,0.0,13.603405952453613,0.00037336969398893416,0.0,7.564765930175781,,2163.444853462514,0.0,0.003496629884466529,13.887201309204102,3.0
