setting,seed,variant,gamma_mean,gamma_entropy,R_std_median,kl_per_anchor,beta,coverage_penalty,data_loss,gate_l2,grad_data_R_log_std,grad_data_R_mu,grad_data_over_scaled_KL_R_log_std,grad_data_over_scaled_KL_R_mu,grad_scaled_KL_R_log_std,grad_scaled_KL_R_mu,loss,step
l2_q2_train1000,0,pointwise_pairwarm_map_soft,0.6530726552009583,0.6291210651397705,0.049787066876888275,77.34888458251953,0.0012500000000000002,0.0,12.287317276000977,0.0,0.0,3.5161664485931396,,1125.2818192591167,0.0,0.003124698530882597,12.384003639221191,1.0
l2_q2_train1000,0,pointwise_pairwarm_map_soft,0.6530726552009583,0.6291210651397705,0.049787066876888275,77.41220092773438,0.00375,0.0,11.729815483093262,0.00036961131263524294,0.0,1.313044548034668,,135.32892816722617,0.0,0.009702615439891815,12.020111083984375,3.0
