setting,seed,variant,gamma_mean,gamma_entropy,R_std_median,kl_per_anchor,beta,coverage_penalty,data_loss,gate_l2,grad_data_R_log_std,grad_data_R_mu,grad_data_over_scaled_KL_R_log_std,grad_data_over_scaled_KL_R_mu,grad_scaled_KL_R_log_std,grad_scaled_KL_R_mu,loss,step
l2_q2_train1000,0,anchor_pca_background_map_soft,0.5970808267593384,0.6520255208015442,0.049787066876888275,75.5598373413086,0.0012500000000000002,0.0,15.183708190917969,0.0,0.0,25.66312026977539,,71971.89742672972,0.0,0.0003565713996067643,15.278158187866211,1.0
l2_q2_train1000,0,anchor_pca_background_map_soft,0.5970808267593384,0.6520255208015442,0.049787066876888275,75.67546844482422,0.00375,0.0,13.354763984680176,0.00038383493665605783,0.0,7.515018939971924,,2244.1735197214266,0.0,0.003348679980263114,13.63854694366455,3.0
