dataset,seed,method,n,rmse,mean_crps,wall_sec,coverage_90,mean_width_90,coverage_95,mean_width_95
Wine Quality,0,xgboost,25,0.6999787601576167,0.4247083067893982,0.37246389999927487,0.7,1.6750973835513676,0.85,1.9960016432847123
Wine Quality,0,lmjgp_supervised_base,25,0.7577439232241931,0.4499393403530121,3.052786799991736,0.8,1.9078155898158182,0.9,2.273302489604057
Wine Quality,0,lmjgp_supervised_localgp_rbf,25,0.8237075118596769,0.5009628534317017,0.04415359999984503,0.5,1.2445086954849178,0.6,1.4829235754661634
Wine Quality,0,lmjgp_supervised_localgp_matern32,25,0.7524350720049091,0.4404677748680115,0.05182459999923594,0.7,1.4909052362289106,0.75,1.776523162603001
Wine Quality,0,lmjgp_supervised_localgp_matern52,25,0.7786976575028355,0.46415337920188904,0.05391969998891,0.6,1.4007800358112488,0.7,1.6691323625805972
Wine Quality,0,lmjgp_supervised_hybrid_pls,25,0.705688315738136,0.4111904203891754,3.203350900002988,0.8,1.7794410201054656,0.9,2.120334754943409
Wine Quality,0,lmjgp_supervised_residual_ridge,25,0.63475817972897,0.35762763023376465,3.177576300004148,0.9,1.648908025703744,0.9,1.964795098630215
Wine Quality,0,lmjgp_supervised_hybrid_residual_ridge,25,0.6296788093972544,0.3635522127151489,3.1866049000091152,0.75,1.8335049725153048,0.9,2.1847559276538107
