dataset,method,n_seeds,rmse_mean,rmse_std,mean_crps_mean,mean_crps_std,wall_sec_mean,wall_sec_std,coverage_90_mean,coverage_90_std,mean_width_90_mean,mean_width_90_std,coverage_95_mean,coverage_95_std,mean_width_95_mean,mean_width_95_std
Wine Quality,dkl_svgp,1,0.6856666982893003,0.0,0.407529354095459,0.0,0.17048369999974966,0.0,0.5,0.0,1.5579972381311742,0.0,0.75,0.0,1.8564682137762438,0.0
Wine Quality,lmjgp_supervised,1,0.734831516171433,0.0,0.4192965626716614,0.0,3.5560341000091285,0.0,0.8,0.0,1.9688131232684072,0.0,0.95,0.0,2.3459855337083697,0.0
Wine Quality,lmjgp_transductive,1,0.703168725674982,0.0,0.39959749579429626,0.0,3.1169593000086024,0.0,0.8,0.0,1.9400963751951612,0.0,0.95,0.0,2.3117674178502496,0.0
Wine Quality,xgb_bootstrap,1,0.6999787601576167,0.0,0.4247083067893982,0.0,0.5589517999906093,0.0,0.7,0.0,1.6750973835513676,0.0,0.85,0.0,1.9960016432847123,0.0
