train_size,dataset,method,n_seeds,rmse_mean,rmse_std,mean_crps_mean,mean_crps_std,wall_sec_mean,wall_sec_std,coverage_90_mean,coverage_90_std,mean_width_90_mean,mean_width_90_std,coverage_95_mean,coverage_95_std,mean_width_95_mean,mean_width_95_std
80,Wine Quality,jgp_pca,1,0.7058688664331279,0.0,0.41591328382492065,0.0,1.5170801999920513,0.0,0.7,0.0,1.682253052248172,0.0,0.85,0.0,2.004528148440694,0.0
80,Wine Quality,jgp_sir,1,0.5984525742860549,0.0,0.34034591913223267,0.0,1.419871999998577,0.0,0.85,0.0,1.467887227446131,0.0,0.9,0.0,1.7490955134366195,0.0
