elbo_scale,mean_m_j,psi1_effrank,psi1_row_std,ratio_zeta_yres,ratio_zeta_ywork,rmse,rmse_raw,std_m_W,std_mu_y,std_zeta,step,variant
per_region,-0.6529545783996582,1.9099717140197754,nan,0.00017363655412209645,0.00014607047973161824,1.7684952020645142,725.6068118259594,0.18178310990333557,0.5211201906204224,0.000279723055427894,60,D1
per_region,-0.6529175043106079,1.9076184034347534,nan,0.00036543786440799156,0.00030742192757775104,1.7685153484344482,725.6150655122427,0.18178310990333557,0.5211452841758728,0.0005887089646421373,120,D1
per_region,-0.6526871919631958,1.9119372367858887,nan,0.0018922975443796505,0.00159188263115695,1.768415093421936,725.5739609989059,0.18178310990333557,0.521142840385437,0.0030484343878924847,60,D2
per_region,-0.6529408097267151,1.9076184034347534,nan,0.0012746248826846416,0.0010722691667237071,1.7684884071350098,725.6040638340412,0.18178310990333557,0.5210556387901306,0.002053381409496069,120,D2
per_region,-0.6513720750808716,1.9571236371994019,nan,0.0035700968250178483,0.003003326480031649,1.7683193683624268,725.5346925389342,0.18178310990333557,0.5216149091720581,0.005751330871134996,60,D3
per_region,-0.6512717008590698,1.9536939859390259,nan,0.004942545362569415,0.004157913939793144,1.768078327178955,725.4357816415144,0.18178310990333557,0.52181476354599,0.007962350733578205,120,D3
per_region,-0.6507564783096313,1.9574402570724487,nan,0.003853000454238261,0.003241319932095624,1.769085168838501,725.8488729945526,0.18178310990333557,0.5201050639152527,0.0062070852145552635,60,D4
per_region,-0.6513457298278809,1.9545652866363525,nan,0.0050743033459934184,0.00426874548854844,1.7682660818099976,725.5128388824888,0.18178310990333557,0.5216730833053589,0.008174591697752476,120,D4
