{
  "variant": "hard_top30",
  "reward_advantage": "center_std",
  "anchor_weight": "top_fraction",
  "noise_std": 0.5,
  "explore_reward_spread_mean": 0.040740743572156984,
  "explore_reward_spread_last": 0.035553276264101,
  "anchor_weight_active_frac_last": 0.30000000000000004,
  "rmse": 2.1091900809407904,
  "mean_crps": 0.6592158675193787,
  "wall_sec": 6.2218442000157665,
  "coverage_90": 0.84,
  "mean_width_90": 1.4349351845705263,
  "coverage_95": 0.88,
  "mean_width_95": 1.7098307325497613,
  "final_ensemble_samples": 5,
  "final_hyper_steps": 4,
  "final_gate_steps": 6,
  "final_ensemble_cem_sec": 5.953359000006458,
  "final_ensemble_pred_sec": 0.26848520000930876,
  "final_ensemble_total_sec": 6.2218442000157665,
  "final_ensemble_mean_n_inliers": 32.368,
  "final_ensemble_fallback_count": 0,
  "final_ensemble_within_sigma_mean": 0.4353217606075081,
  "final_ensemble_between_sigma_mean": 0.010698252340115122
}