dataset,seed,method,rmse,mean_crps,wall_sec,coverage_90,mean_width_90,coverage_95,mean_width_95
Parkinsons Telemonitoring,0,xgboost,7.308487548696008,4.784716606140137,0.649991799989948,0.525,13.322586241121599,0.675,15.874840645803896
Parkinsons Telemonitoring,0,lmjgp_supervised,7.550874874410496,4.851414680480957,13.26125559999491,0.575,16.629309169608536,0.6,19.815044041712763
Parkinsons Telemonitoring,0,lmjgp_residual_ridge,8.256307823263775,5.383307456970215,13.173827099992195,0.475,14.968675876812194,0.55,17.836277425596712
Parkinsons Telemonitoring,0,cem_em_supervised,7.387819418897439,4.645188331604004,10.487204600009136,0.675,18.084340835297343,0.75,21.54882120849985
