{
  "args": {
    "data_dir": "experiments\\synthetic\\deep_mahalanobis_gp_paper_train1000_seed0",
    "out_dir": "experiments\\synthetic\\deep_mahalanobis_gp_paper_train1000_seed0",
    "settings": "l2_q2_train1000,lh_q5_train1000",
    "seed": 0,
    "Q": 0,
    "m_u": 50,
    "m_v": 25,
    "steps1": 300,
    "steps2": 700,
    "lr": 0.01,
    "initial_noise_var": 0.01,
    "w_samples": 3
  },
  "rows": [
    {
      "setting": "l2_q2_train1000",
      "seed": 0,
      "method": "deep_mahalanobis_gp",
      "N_train": 1000,
      "N_test": 200,
      "Q": 2,
      "D": 20,
      "rmse": 2.2220606161013103,
      "mean_crps": 1.264097287554971,
      "wall_sec": 177.21331419999999,
      "coverage_90": 0.765,
      "mean_width_90": 5.1574696230418215,
      "coverage_95": 0.84,
      "mean_width_95": 6.145504102548066,
      "train_sec": 176.1080524,
      "predict_sec": 1.1052617999999939,
      "m_u": 50,
      "m_v": 25,
      "steps1": 300,
      "steps2": 700,
      "lr": 0.01,
      "y_standardized": true,
      "W_mean_norm_mean": 0.11251465248652641,
      "W_mean_anchor_frob_std": 0.24483688939455775,
      "W_var_mean": 0.019384718290645104
    },
    {
      "setting": "lh_q5_train1000",
      "seed": 0,
      "method": "deep_mahalanobis_gp",
      "N_train": 1000,
      "N_test": 200,
      "Q": 5,
      "D": 30,
      "rmse": 617.8863524983678,
      "mean_crps": 303.121341103373,
      "wall_sec": 491.4634040999999,
      "coverage_90": 0.765,
      "mean_width_90": 677.8360847872586,
      "coverage_95": 0.775,
      "mean_width_95": 807.6915123851692,
      "train_sec": 489.68093189999996,
      "predict_sec": 1.7824721999999156,
      "m_u": 50,
      "m_v": 25,
      "steps1": 300,
      "steps2": 700,
      "lr": 0.01,
      "y_standardized": true,
      "W_mean_norm_mean": 0.3728663275995088,
      "W_mean_anchor_frob_std": 0.20516220927883277,
      "W_var_mean": 0.0028409991416516625
    }
  ],
  "external_repo": "C:\\Users\\yxu59\\files\\spring2026\\park\\external\\DeepMahalanobisGP"
}