setting,seed,method,N_train,N_test,Q,D,rmse,mean_crps,wall_sec,coverage_90,mean_width_90,coverage_95,mean_width_95,train_sec,predict_sec,m_u,m_v,steps1,steps2,y_standardized,W_mean_norm_mean,W_mean_anchor_frob_std,W_var_mean,lr
l2_q2_train1000,0,deep_mahalanobis_gp,1000,200,2,20,2.2220606161013103,1.264097287554971,177.21331419999999,0.765,5.1574696230418215,0.84,6.145504102548066,176.1080524,1.1052617999999939,50,25,300,700,True,0.11251465248652641,0.24483688939455775,0.019384718290645104,0.01
lh_q5_train1000,0,deep_mahalanobis_gp,1000,200,5,30,617.8863524983678,303.121341103373,491.4634040999999,0.765,677.8360847872586,0.775,807.6915123851692,489.68093189999996,1.7824721999999156,50,25,300,700,True,0.3728663275995088,0.20516220927883277,0.0028409991416516625,0.01
