dataset,method,n_seeds,rmse_mean,rmse_std,mean_crps_mean,mean_crps_std,wall_sec_mean,wall_sec_std,coverage_90_mean,coverage_90_std,mean_width_90_mean,mean_width_90_std,coverage_95_mean,coverage_95_std,mean_width_95_mean,mean_width_95_std
Parkinsons Telemonitoring,dkl_svgp,5,7.86002955324782,1.0359813465492131,4.926346397399902,0.8764157530978963,1.4026192000019364,0.043365644935314335,0.65,0.12292273996295398,15.159473284107872,0.49945281884354986,0.6950000000000001,0.13725887949418794,18.063626558988126,0.5951347407882467
Parkinsons Telemonitoring,xgb_bootstrap,5,9.794253205677592,0.5702634290721186,7.425665283203125,0.23455369806816584,4.902310519991443,0.39295722990020443,0.187,0.0680147042925278,6.479026459708895,0.45901757041994196,0.22999999999999998,0.07106335201775947,7.720236200862955,0.546953170514975
