dataset,method,n_seeds,rmse_mean,rmse_std,mean_crps_mean,mean_crps_std,wall_sec_mean,wall_sec_std,coverage_90_mean,coverage_90_std,mean_width_90_mean,mean_width_90_std,coverage_95_mean,coverage_95_std,mean_width_95_mean,mean_width_95_std
Wine Quality,dkl_svgp,2,0.8279312997319908,0.047492917893496356,0.5776893794536591,0.01829323172569275,1.2736840500147082,0.10302874998888001,0.22999999999999998,0.009999999999999995,0.5080240630613779,0.0005573922656441632,0.28,0.009999999999999981,0.6053480082148259,0.000664173849893479
Wine Quality,lmjgp_supervised,2,0.7236135487905277,0.013007803821125818,0.40674372017383575,0.004964426159858704,79.64162034999754,35.323317949994816,0.8425,0.007500000000000007,2.063498754254348,0.007652738123903102,0.895,0.0050000000000000044,2.4588104219203633,0.009118799910339481
Wine Quality,lmjgp_transductive,2,0.7104574554108087,0.009596652015383622,0.39830467104911804,0.00016894936561584473,70.5689674000023,22.779772599984426,0.855,0.020000000000000018,2.105922171079058,0.02925517443287262,0.905,0.015000000000000013,2.5093610409633893,0.0348596904370988
Wine Quality,xgb_bootstrap,2,0.70611677862085,0.00786046437383603,0.4171627461910248,0.004010438919067383,4.641155150005943,0.019673849994433112,0.6375,0.027500000000000024,1.272530877088565,0.03335625919334262,0.725,0.025000000000000022,1.5163140643287996,0.03974643433720193
