dataset,seed,method,split_type,n,metric_policy,n_eval_used,n_numeric_omitted,rmse,mean_crps,wall_sec,coverage_90,mean_width_90,coverage_95,mean_width_95
Wine Quality,0,xgb_bootstrap,random_row,25,raw,200,0,0.698256314247014,0.4131523072719574,4.660829000000376,0.61,1.2391746178952223,0.7,1.4765676299915975
Wine Quality,0,dkl_svgp,random_row,25,raw,200,0,0.7804383818384943,0.5593961477279663,1.3767128000035882,0.22,0.5085814553270221,0.27,0.6060121820647194
Wine Quality,0,lmjgp_transductive,random_row,25,raw,200,0,0.7008608033954251,0.3984736204147339,47.78919480001787,0.835,2.0766669966461855,0.89,2.4745013505262903
Wine Quality,0,lmjgp_supervised,random_row,25,raw,200,0,0.710605744969402,0.40177929401397705,44.31830240000272,0.835,2.055846016130445,0.89,2.449691622010024
Wine Quality,1,xgb_bootstrap,random_row,25,raw,200,0,0.713977242994686,0.42117318511009216,4.62148130001151,0.665,1.3058871362819076,0.75,1.5560604986660014
Wine Quality,1,dkl_svgp,random_row,25,raw,200,0,0.8754242176254871,0.5959826111793518,1.1706553000258282,0.24,0.5074666707957338,0.29,0.6046838343649324
Wine Quality,1,lmjgp_transductive,random_row,25,raw,200,0,0.7200541074261924,0.3981357216835022,93.34873999998672,0.875,2.1351773455119307,0.92,2.544220731400488
Wine Quality,1,lmjgp_supervised,random_row,25,raw,200,0,0.7366213526116536,0.41170814633369446,114.96493829999235,0.85,2.071151492378251,0.9,2.467929221830703
