dataset,method,n_seeds,rmse_mean,rmse_std,mean_crps_mean,mean_crps_std,wall_sec_mean,wall_sec_std,coverage_90_mean,coverage_90_std,mean_width_90_mean,mean_width_90_std,coverage_95_mean,coverage_95_std,mean_width_95_mean,mean_width_95_std
Parkinsons Telemonitoring,lmjgp_supervised,5,8.912024329418289,0.75688524819515,5.447029876708984,0.5978302345473878,68.50405702000134,1.7794612175871998,0.716,0.06865857557508746,22.262313495096727,1.5926220084820095,0.796,0.06476109943476872,26.527182691507,1.8977261723864502
Parkinsons Telemonitoring,lmjgp_supervised_residual_ridge,5,9.427621721503547,0.5483620701900928,5.751371574401856,0.4770453206326153,69.50914898000192,3.11434826418911,0.6990000000000001,0.05379591062525106,21.239427973030864,0.9999233142061422,0.7739999999999999,0.04363484845854286,25.308339415298754,1.191482117942756
Parkinsons Telemonitoring,lmjgp_transductive,5,8.996776334743199,0.6191757903355726,5.501913356781006,0.45939928052251383,69.02264171999995,1.7628455185234624,0.733,0.05608921464952062,22.73533790802379,1.0750826785276155,0.7969999999999999,0.051439284598446745,27.09082604429792,1.2810400243468867
Parkinsons Telemonitoring,lmjgp_transductive_residual_ridge,5,9.455069560987722,0.49667649974998573,5.854293632507324,0.4994230928933669,69.23563114000717,3.99438450400215,0.679,0.06288083968904996,21.151548574506343,1.3776224472829237,0.7629999999999999,0.059211485372349874,25.203624653286568,1.6415383938890282
