method,wall_s,rmse,crps,n_test,n_train,n_neighbors,pca_dim
jgp_cem_sequential,7.6628284600010375,0.508905421056373,0.291523137627091,200,1000,25,2
jgp_cem_batch,9.985432476001733,0.508905421056373,0.291523137627091,200,1000,25,2
