variant,rmse,mean_crps,wall_sec,coverage_90,mean_width_90,coverage_95,mean_width_95,anchor_weight,anchor_weight_active_frac_last,crps_cem,explore_frac_best_delta_positive,explore_frac_delta_reward_positive,explore_frac_delta_top_positive,explore_mean_best_delta_reward_vs_w0,explore_mean_best_delta_top_anchors_last,explore_mean_delta_reward_top_anchors,explore_mean_delta_reward_top_anchors_last,explore_mean_delta_reward_vs_w0,explore_rank_stability_spread_last,explore_rank_stability_spread_mean,explore_reward_spread_frac_near_zero,explore_reward_spread_mean,explore_reward_spread_median,explore_reward_spread_p90,explore_top_anchor_overlap_last,explore_top_anchor_overlap_mean,final_ensemble_between_sigma_mean,final_ensemble_cem_sec,final_ensemble_fallback_count,final_ensemble_mean_n_inliers,final_ensemble_pred_sec,final_ensemble_samples,final_ensemble_total_sec,final_ensemble_within_sigma_mean,final_gate_steps,final_hyper_steps,noise_std,reward_advantage,rmse_cem,w_drift_reward,w_drift_test
center,0.415032025992884,0.2394530028104782,4.820615300006466,0.9,1.450785035681269,0.95,1.728716995028297,uniform,1.0,0.2394530028104782,0.9555555555555556,0.5244444444444445,0.5166666666666667,0.06489605187637922,0.2933739324249419,0.008749868345353915,0.030270194336530044,0.002260495502045892,0.9464285714285712,0.8857142857142856,0.0,0.049512591951424385,0.009884191539560584,0.17505269607995105,0.6,0.4666666666666667,0.0076810700183009804,4.61567020000075,0,33.06,0.20494510000571609,5,4.820615300006466,0.44051829975661205,6,4,0.5,center,0.415032025992884,0.08775740821419505,0.09389527225990255
hard_center_spread,0.41384229097053044,0.23877274990081787,4.990438799984986,0.9,1.4511687362877563,0.95,1.7291742025008887,spread_std,1.0,0.23877274990081787,0.9333333333333333,0.5155555555555555,0.5,0.06485170779880026,0.29035490375128425,0.008973176585570201,0.032302325992725325,0.002369018480139895,0.9464285714285712,0.8767857142857141,0.0,0.04950504975290937,0.007083688065212907,0.17505269607995105,0.6,0.4666666666666667,0.00684424753779921,4.773703199985903,0,33.06,0.2167355999990832,5,4.990438799984986,0.4408304939958836,6,4,0.5,center,0.41384229097053044,0.10052320094921205,0.10477499983653075
