{
  "args": {
    "data_dir": "experiments\\synthetic\\deep_mahalanobis_gp_paper_train1000_5seeds",
    "out_dir": "experiments\\synthetic\\deep_mahalanobis_gp_paper_train1000_5seeds",
    "settings": "l2_q2_train1000,lh_q5_train1000",
    "seed": 0,
    "seeds": "0,1,2,3,4",
    "Q": 0,
    "m_u": 50,
    "m_v": 25,
    "steps1": 300,
    "steps2": 700,
    "lr": 0.01,
    "initial_noise_var": 0.01,
    "w_samples": 0
  },
  "rows": [
    {
      "setting": "l2_q2_train1000",
      "seed": 0,
      "method": "deep_mahalanobis_gp",
      "N_train": 1000,
      "N_test": 200,
      "Q": 2,
      "D": 20,
      "rmse": 2.2218708887905847,
      "mean_crps": 1.2640245280085813,
      "wall_sec": 170.7770804,
      "coverage_90": 0.765,
      "mean_width_90": 5.157411971547756,
      "coverage_95": 0.84,
      "mean_width_95": 6.145435406555808,
      "train_sec": 169.7821563,
      "predict_sec": 0.9949240999999915,
      "m_u": 50,
      "m_v": 25,
      "steps1": 300,
      "steps2": 700,
      "lr": 0.01,
      "y_standardized": true,
      "W_mean_norm_mean": 0.1124836948481992,
      "W_mean_anchor_frob_std": 0.2447664693211037,
      "W_var_mean": 0.01938410879513201
    },
    {
      "setting": "lh_q5_train1000",
      "seed": 0,
      "method": "deep_mahalanobis_gp",
      "N_train": 1000,
      "N_test": 200,
      "Q": 5,
      "D": 30,
      "rmse": 617.7456699394431,
      "mean_crps": 303.03156305600123,
      "wall_sec": 573.8236463,
      "coverage_90": 0.765,
      "mean_width_90": 677.958516727341,
      "coverage_95": 0.78,
      "mean_width_95": 807.8373990398762,
      "train_sec": 571.9546152999999,
      "predict_sec": 1.8690310000000636,
      "m_u": 50,
      "m_v": 25,
      "steps1": 300,
      "steps2": 700,
      "lr": 0.01,
      "y_standardized": true,
      "W_mean_norm_mean": 0.37321034076599896,
      "W_mean_anchor_frob_std": 0.20493786713183837,
      "W_var_mean": 0.002840765520851644
    },
    {
      "setting": "l2_q2_train1000",
      "seed": 1,
      "method": "deep_mahalanobis_gp",
      "N_train": 1000,
      "N_test": 200,
      "Q": 2,
      "D": 20,
      "rmse": 2.234905630178914,
      "mean_crps": 1.2220321436123782,
      "wall_sec": 213.7385097,
      "coverage_90": 0.765,
      "mean_width_90": 5.08422728326736,
      "coverage_95": 0.825,
      "mean_width_95": 6.058230471782849,
      "train_sec": 212.80024909999997,
      "predict_sec": 0.9382606000000351,
      "m_u": 50,
      "m_v": 25,
      "steps1": 300,
      "steps2": 700,
      "lr": 0.01,
      "y_standardized": true,
      "W_mean_norm_mean": 0.12150633520345049,
      "W_mean_anchor_frob_std": 0.19089644367235836,
      "W_var_mean": 0.01777673642519934
    },
    {
      "setting": "lh_q5_train1000",
      "seed": 1,
      "method": "deep_mahalanobis_gp",
      "N_train": 1000,
      "N_test": 200,
      "Q": 5,
      "D": 30,
      "rmse": 558.0998682733969,
      "mean_crps": 225.14501718632073,
      "wall_sec": 576.9753976,
      "coverage_90": 0.81,
      "mean_width_90": 193.00510085300655,
      "coverage_95": 0.83,
      "mean_width_95": 229.9797625187558,
      "train_sec": 575.1389462,
      "predict_sec": 1.8364513999999872,
      "m_u": 50,
      "m_v": 25,
      "steps1": 300,
      "steps2": 700,
      "lr": 0.01,
      "y_standardized": true,
      "W_mean_norm_mean": 0.11468204494759415,
      "W_mean_anchor_frob_std": 0.22939039244628473,
      "W_var_mean": 0.002339210617006966
    },
    {
      "setting": "l2_q2_train1000",
      "seed": 2,
      "method": "deep_mahalanobis_gp",
      "N_train": 1000,
      "N_test": 200,
      "Q": 2,
      "D": 20,
      "rmse": 2.3493752765799365,
      "mean_crps": 1.3154949239241773,
      "wall_sec": 253.69105400000012,
      "coverage_90": 0.74,
      "mean_width_90": 5.253818235896076,
      "coverage_95": 0.82,
      "mean_width_95": 6.260310555876515,
      "train_sec": 252.73548800000003,
      "predict_sec": 0.9555660000000898,
      "m_u": 50,
      "m_v": 25,
      "steps1": 300,
      "steps2": 700,
      "lr": 0.01,
      "y_standardized": true,
      "W_mean_norm_mean": 0.12210674530725875,
      "W_mean_anchor_frob_std": 0.22217187509206138,
      "W_var_mean": 0.01867273879964789
    },
    {
      "setting": "lh_q5_train1000",
      "seed": 2,
      "method": "deep_mahalanobis_gp",
      "N_train": 1000,
      "N_test": 200,
      "Q": 5,
      "D": 30,
      "rmse": 506.50108198076987,
      "mean_crps": 194.0447602082739,
      "wall_sec": 513.9820827999997,
      "coverage_90": 0.785,
      "mean_width_90": 184.50269702999748,
      "coverage_95": 0.79,
      "mean_width_95": 219.84852348200403,
      "train_sec": 512.2152179999998,
      "predict_sec": 1.7668647999998939,
      "m_u": 50,
      "m_v": 25,
      "steps1": 300,
      "steps2": 700,
      "lr": 0.01,
      "y_standardized": true,
      "W_mean_norm_mean": 0.08958071259340923,
      "W_mean_anchor_frob_std": 0.21266892882233676,
      "W_var_mean": 0.0026624316831671316
    },
    {
      "setting": "l2_q2_train1000",
      "seed": 3,
      "method": "deep_mahalanobis_gp",
      "N_train": 1000,
      "N_test": 200,
      "Q": 2,
      "D": 20,
      "rmse": 2.305567462871327,
      "mean_crps": 1.3016344564816809,
      "wall_sec": 220.56756959999984,
      "coverage_90": 0.735,
      "mean_width_90": 5.171356677180115,
      "coverage_95": 0.845,
      "mean_width_95": 6.162051548178751,
      "train_sec": 219.45945919999986,
      "predict_sec": 1.1081103999999868,
      "m_u": 50,
      "m_v": 25,
      "steps1": 300,
      "steps2": 700,
      "lr": 0.01,
      "y_standardized": true,
      "W_mean_norm_mean": 0.12739666258202562,
      "W_mean_anchor_frob_std": 0.20637579866999858,
      "W_var_mean": 0.01708261277051382
    },
    {
      "setting": "lh_q5_train1000",
      "seed": 3,
      "method": "deep_mahalanobis_gp",
      "N_train": 1000,
      "N_test": 200,
      "Q": 5,
      "D": 30,
      "rmse": 502.47324066977654,
      "mean_crps": 236.9903158066202,
      "wall_sec": 556.5530100000001,
      "coverage_90": 0.79,
      "mean_width_90": 678.1811562295064,
      "coverage_95": 0.815,
      "mean_width_95": 808.1026903695304,
      "train_sec": 554.6309552999996,
      "predict_sec": 1.9220547000004444,
      "m_u": 50,
      "m_v": 25,
      "steps1": 300,
      "steps2": 700,
      "lr": 0.01,
      "y_standardized": true,
      "W_mean_norm_mean": 0.38597457124298573,
      "W_mean_anchor_frob_std": 0.3424439333584898,
      "W_var_mean": 0.0028091948037200663
    },
    {
      "setting": "l2_q2_train1000",
      "seed": 4,
      "method": "deep_mahalanobis_gp",
      "N_train": 1000,
      "N_test": 200,
      "Q": 2,
      "D": 20,
      "rmse": 2.5313419433743327,
      "mean_crps": 1.4154078818908074,
      "wall_sec": 234.6349578999998,
      "coverage_90": 0.725,
      "mean_width_90": 5.3880820515326535,
      "coverage_95": 0.805,
      "mean_width_95": 6.420295759886635,
      "train_sec": 233.59184659999983,
      "predict_sec": 1.043111299999964,
      "m_u": 50,
      "m_v": 25,
      "steps1": 300,
      "steps2": 700,
      "lr": 0.01,
      "y_standardized": true,
      "W_mean_norm_mean": 0.14525984018206656,
      "W_mean_anchor_frob_std": 0.24930359195655907,
      "W_var_mean": 0.015969371123147946
    },
    {
      "setting": "lh_q5_train1000",
      "seed": 4,
      "method": "deep_mahalanobis_gp",
      "N_train": 1000,
      "N_test": 200,
      "Q": 5,
      "D": 30,
      "rmse": 383.3717654178363,
      "mean_crps": 123.95274604854676,
      "wall_sec": 577.1851061999996,
      "coverage_90": 0.865,
      "mean_width_90": 306.670079319635,
      "coverage_95": 0.88,
      "mean_width_95": 365.4199381354797,
      "train_sec": 574.9944693999996,
      "predict_sec": 2.190636799999993,
      "m_u": 50,
      "m_v": 25,
      "steps1": 300,
      "steps2": 700,
      "lr": 0.01,
      "y_standardized": true,