setting,method,n_seeds,seeds,rmse_mean,rmse_std,mean_crps_mean,mean_crps_std,coverage_90_mean,coverage_90_std,mean_width_90_mean,mean_width_90_std,coverage_95_mean,coverage_95_std,mean_width_95_mean,mean_width_95_std,wall_sec_mean,wall_sec_std
l2_q2_train1000,deep_mahalanobis_gp,5,"0,1,2,3,4",2.3286122403590186,0.12473586378158043,1.303718786783525,0.07222502623209744,0.746,0.018165902124584965,5.2109792438847915,0.11587282219265016,0.827,0.016046806535881187,6.209264748456112,0.13807098368109622,218.68183431999995,30.834256592878738
lh_q5_train1000,deep_mahalanobis_gp,5,"0,1,2,3,4",513.6383252562446,86.54499406664475,216.63288046115258,65.29058984818457,0.8030000000000002,0.038177218337642135,408.0635100318973,251.155848870128,0.819,0.03943348830626069,486.2376627091292,299.2706525530607,559.7038485799999,26.94288918703408
