dataset,method,n_seeds,rmse_mean,rmse_std,mean_crps_mean,mean_crps_std,wall_sec_mean,wall_sec_std,coverage_90_mean,coverage_90_std,mean_width_90_mean,mean_width_90_std,coverage_95_mean,coverage_95_std,mean_width_95_mean,mean_width_95_std
Parkinsons Telemonitoring,lmjgp_supervised,5,9.130389824767835,0.9985141352582917,5.712836456298828,0.8774266723098569,66.5082371199911,1.399131146869458,0.6559999999999999,0.12399193522161028,20.445321049960818,2.154766004329052,0.738,0.11378049041905204,24.362102653809018,2.5675620580437304
Parkinsons Telemonitoring,lmjgp_supervised_residual_ridge,5,9.332439635099064,0.9019733703561548,5.792859077453613,0.7985625588315252,67.43341017999919,1.9549309951020784,0.65,0.12786711852544422,20.39798231341114,2.077989223186613,0.744,0.09794896630388705,24.305695070063738,2.4760768806258566
Parkinsons Telemonitoring,lmjgp_transductive,5,8.936601837130707,1.0100052437722153,5.513485240936279,0.8133802245166918,71.42321232000832,3.1583842701339573,0.703,0.10810180387024076,20.98992358161852,1.9052771005921134,0.776,0.09366963221877195,25.011036595680014,2.2702776931285014
Parkinsons Telemonitoring,lmjgp_transductive_residual_ridge,5,9.436766888241587,0.7455280218511456,5.90661392211914,0.737552766129861,70.49903474000749,2.848794203232471,0.642,0.11630133275246674,19.9437805404799,1.7676620970658203,0.716,0.10150862032359616,23.76448027619215,2.1062993024532304
