{
  "count": 1250,
  "mean": 0.049198341772318854,
  "median": 0.0002339468372913195,
  "p90": 0.12748854373603136,
  "frac_near_zero": 0.0,
  "bin_edges": [
    2.666921037647575e-07,
    0.35515543812650774,
    0.7103106095609116,
    1.0654657809953156,
    1.4206209524297195,
    1.7757761238641234,
    2.1309312952985278,
    2.4860864667329317,
    2.8412416381673355,
    3.1963968096017394,
    3.5515519810361433,
    3.9067071524705472,
    4.261862323904952,
    4.617017495339355,
    4.972172666773759,
    5.327327838208163,
    5.682483009642567,
    6.0376381810769715,
    6.392793352511375,
    6.747948523945779,
    7.103103695380183
  ],
  "bin_counts": [
    1213,
    23,
    9,
    3,
    1,
    0,
    0,
    0,
    0,
    0,
    0,
    0,
    0,
    0,
    0,
    0,
    0,
    0,
    0,
    1
  ]
}