{
  "variant": "hard_center_spread",
  "reward_advantage": "center",
  "anchor_weight": "spread_std",
  "noise_std": 0.5,
  "rmse_cem": 2.3533361509722437,
  "crps_cem": 0.7677554488182068,
  "w_drift_test": 0.24256106576047168,
  "w_drift_reward": 0.23652267211030356,
  "anchor_weight_active_frac_last": 1.0,
  "explore_reward_spread_mean": 0.049198341772318854,
  "explore_reward_spread_median": 0.0002339468372913195,
  "explore_reward_spread_p90": 0.12748854373603136,
  "explore_reward_spread_frac_near_zero": 0.0,
  "explore_top_anchor_overlap_mean": 0.8311887254901961,
  "explore_top_anchor_overlap_last": 0.875,
  "explore_rank_stability_spread_mean": 0.9153661464585833,
  "explore_rank_stability_spread_last": 0.9015606242496997,
  "explore_mean_delta_reward_vs_w0": 0.013303742676451834,
  "explore_frac_delta_reward_positive": 0.5408,
  "explore_mean_best_delta_reward_vs_w0": 0.12483938380890917,
  "explore_frac_best_delta_positive": 0.936,
  "explore_mean_delta_reward_top_anchors": 0.04268406648246173,
  "explore_frac_delta_top_positive": 0.6229333333333333,
  "explore_mean_delta_reward_top_anchors_last": 0.06538872158788699,
  "explore_mean_best_delta_top_anchors_last": 0.2965835772188935,
  "rmse": 2.3533361509722437,
  "mean_crps": 0.7677554488182068,
  "wall_sec": 17.707874999992782,
  "coverage_90": 0.825,
  "mean_width_90": 1.4534186060846197,
  "coverage_95": 0.8875,
  "mean_width_95": 1.7318550877173622,
  "final_ensemble_samples": 5,
  "final_hyper_steps": 4,
  "final_gate_steps": 6,
  "final_ensemble_cem_sec": 16.949462199991103,
  "final_ensemble_pred_sec": 0.758412800001679,
  "final_ensemble_total_sec": 17.707874999992782,
  "final_ensemble_mean_n_inliers": 32.1125,
  "final_ensemble_fallback_count": 0,
  "final_ensemble_within_sigma_mean": 0.4395550433489259,
  "final_ensemble_between_sigma_mean": 0.016918660557665555
}