{
  "count": 1250,
  "mean": 0.06007725282413877,
  "median": 0.00023740318677716374,
  "p90": 0.12445730394594295,
  "frac_near_zero": 0.0,
  "bin_edges": [
    2.67052999832639e-07,
    0.3163500625798068,
    0.6326998581066138,
    0.9490496536334208,
    1.2653994491602278,
    1.5817492446870347,
    1.8980990402138418,
    2.2144488357406487,
    2.5307986312674555,
    2.8471484267942624,
    3.1634982223210693,
    3.4798480178478766,
    3.7961978133746834,
    4.112547608901491,
    4.428897404428298,
    4.745247199955105,
    5.061596995481912,
    5.377946791008719,
    5.6942965865355255,
    6.010646382062332,
    6.32699617758914
  ],
  "bin_counts": [
    1202,
    26,
    13,
    4,
    1,
    0,
    0,
    0,
    0,
    0,
    0,
    0,
    0,
    0,
    1,
    0,
    0,
    0,
    1,
    2
  ]
}