{
  "variant": "hard_curriculum",
  "reward_advantage": "center",
  "anchor_weight": "spread_std",
  "noise_std": 0.5,
  "rmse_cem": 2.3533856641700326,
  "crps_cem": 0.7671102285385132,
  "w_drift_test": 0.2205782366715688,
  "w_drift_reward": 0.2178692506589419,
  "anchor_weight_active_frac_last": 1.0,
  "explore_reward_spread_mean": 0.06007725282413877,
  "explore_reward_spread_median": 0.00023740318677716374,
  "explore_reward_spread_p90": 0.12445730394594295,
  "explore_reward_spread_frac_near_zero": 0.0,
  "explore_top_anchor_overlap_mean": 0.8403799019607844,
  "explore_top_anchor_overlap_last": 0.875,
  "explore_rank_stability_spread_mean": 0.9160264105642256,
  "explore_rank_stability_spread_last": 0.9041536614645859,
  "explore_mean_delta_reward_vs_w0": 0.00467427186303307,
  "explore_frac_delta_reward_positive": 0.53936,
  "explore_mean_best_delta_reward_vs_w0": 0.12186333066679476,
  "explore_frac_best_delta_positive": 0.9328,
  "explore_mean_delta_reward_top_anchors": 0.01406709101343982,
  "explore_frac_delta_top_positive": 0.6154666666666667,
  "explore_mean_delta_reward_top_anchors_last": 0.016256865791179496,
  "explore_mean_best_delta_top_anchors_last": 0.19654904433303605,
  "rmse": 2.3533856641700326,
  "mean_crps": 0.7671102285385132,
  "wall_sec": 17.36069769997266,
  "coverage_90": 0.825,
  "mean_width_90": 1.4543653586402183,
  "coverage_95": 0.9,
  "mean_width_95": 1.7329832129686544,
  "final_ensemble_samples": 5,
  "final_hyper_steps": 4,
  "final_gate_steps": 6,
  "final_ensemble_cem_sec": 16.619482999987667,
  "final_ensemble_pred_sec": 0.7412146999849938,
  "final_ensemble_total_sec": 17.36069769997266,
  "final_ensemble_mean_n_inliers": 32.1325,
  "final_ensemble_fallback_count": 0,
  "final_ensemble_within_sigma_mean": 0.4397432630679829,
  "final_ensemble_between_sigma_mean": 0.017632677555520792
}