{
  "dataset_path": "data\\processed\\pdebench_burgers_shockjump_balanced_delta01_n2000\\dataset.pkl",
  "k": 25,
  "threshold": 0.5,
  "threshold_delta": 0.1,
  "counts": {
    "n_train": 1600,
    "n_test": 400,
    "n_train_near": 325,
    "n_test_near": 106,
    "n_test_far": 294
  },
  "rows": [
    {
      "subset": "all",
      "n_test": 400,
      "raw_d1_mean": 1.3847303783497773,
      "raw_d1_median": 1.175510287284851,
      "raw_d1_p25": 0.612805649638176,
      "raw_d1_p75": 1.9433079361915588,
      "raw_d1_min": 0.004608362913131714,
      "raw_d1_max": 6.425319194793701,
      "raw_d25_mean": 2.973495183624327,
      "raw_d25_median": 2.7449251413345337,
      "raw_d25_p25": 1.937135010957718,
      "raw_d25_p75": 3.7719385027885437,
      "raw_d25_min": 0.1991146355867386,
      "raw_d25_max": 15.317747116088867,
      "raw_knn_near_count_mean": 5.8025,
      "raw_knn_near_count_median": 2.0,
      "raw_knn_near_count_p25": 0.0,
      "raw_knn_near_count_p75": 8.0,
      "raw_knn_near_count_min": 0.0,
      "raw_knn_near_count_max": 25.0,
      "raw_knn_left_count_mean": 22.175,
      "raw_knn_left_count_median": 24.0,
      "raw_knn_left_count_p25": 22.0,
      "raw_knn_left_count_p75": 25.0,
      "raw_knn_left_count_min": 0.0,
      "raw_knn_left_count_max": 25.0,
      "raw_knn_right_count_mean": 2.825,
      "raw_knn_right_count_median": 1.0,
      "raw_knn_right_count_p25": 0.0,
      "raw_knn_right_count_p75": 3.0,
      "raw_knn_right_count_min": 0.0,
      "raw_knn_right_count_max": 25.0,
      "raw_knn_median_shock_absdiff_mean": 0.10903543358668685,
      "raw_knn_median_shock_absdiff_median": 0.039370059967041016,
      "raw_knn_median_shock_absdiff_p25": 0.015748031437397003,
      "raw_knn_median_shock_absdiff_p75": 0.12007872946560383,
      "raw_knn_median_shock_absdiff_min": 0.0,
      "raw_knn_median_shock_absdiff_max": 0.960629940032959,
      "oracle_shock_d25_mean": 0.008641730975359679,
      "oracle_shock_d25_median": 0.0,
      "oracle_shock_d25_p25": 0.0,
      "oracle_shock_d25_p75": 0.007874011993408203,
      "oracle_shock_d25_min": 0.0,
      "oracle_shock_d25_max": 0.25196850299835205,
      "oracle_knn_near_count_mean": 6.645,
      "oracle_knn_near_count_median": 0.0,
      "oracle_knn_near_count_p25": 0.0,
      "oracle_knn_near_count_p75": 25.0,
      "oracle_knn_near_count_min": 0.0,
      "oracle_knn_near_count_max": 25.0,
      "oracle_knn_left_count_mean": 22.045,
      "oracle_knn_left_count_median": 25.0,
      "oracle_knn_left_count_p25": 25.0,
      "oracle_knn_left_count_p75": 25.0,
      "oracle_knn_left_count_min": 0.0,
      "oracle_knn_left_count_max": 25.0,
      "oracle_knn_right_count_mean": 2.955,
      "oracle_knn_right_count_median": 0.0,
      "oracle_knn_right_count_p25": 0.0,
      "oracle_knn_right_count_p75": 0.0,
      "oracle_knn_right_count_min": 0.0,
      "oracle_knn_right_count_max": 25.0
    },
    {
      "subset": "near_threshold",
      "n_test": 106,
      "raw_d1_mean": 1.1723017405964575,
      "raw_d1_median": 1.0037159025669098,
      "raw_d1_p25": 0.40489228069782257,
      "raw_d1_p75": 1.707708328962326,
      "raw_d1_min": 0.020984148606657982,
      "raw_d1_max": 4.479912281036377,
      "raw_d25_mean": 3.025658999270988,
      "raw_d25_median": 2.952999472618103,
      "raw_d25_p25": 1.9930233657360077,
      "raw_d25_p75": 3.837826132774353,
      "raw_d25_min": 0.205780491232872,
      "raw_d25_max": 8.432463645935059,
      "raw_knn_near_count_mean": 16.07547169811321,
      "raw_knn_near_count_median": 18.0,
      "raw_knn_near_count_p25": 9.0,
      "raw_knn_near_count_p75": 22.75,
      "raw_knn_near_count_min": 0.0,
      "raw_knn_near_count_max": 25.0,
      "raw_knn_left_count_mean": 17.830188679245282,
      "raw_knn_left_count_median": 20.0,
      "raw_knn_left_count_p25": 14.25,
      "raw_knn_left_count_p75": 23.0,
      "raw_knn_left_count_min": 0.0,
      "raw_knn_left_count_max": 25.0,
      "raw_knn_right_count_mean": 7.169811320754717,
      "raw_knn_right_count_median": 5.0,
      "raw_knn_right_count_p25": 2.0,
      "raw_knn_right_count_p75": 10.75,
      "raw_knn_right_count_min": 0.0,
      "raw_knn_right_count_max": 25.0,
      "raw_knn_median_shock_absdiff_mean": 0.15280047649482512,
      "raw_knn_median_shock_absdiff_median": 0.047244101762771606,
      "raw_knn_median_shock_absdiff_p25": 0.03149604797363281,
      "raw_knn_median_shock_absdiff_p75": 0.32677165418863297,
      "raw_knn_median_shock_absdiff_min": 0.015748023986816406,
      "raw_knn_median_shock_absdiff_max": 0.5590551495552063,
      "oracle_shock_d25_mean": 0.007651162597368348,
      "oracle_shock_d25_median": 0.007874011993408203,
      "oracle_shock_d25_p25": 0.0,
      "oracle_shock_d25_p75": 0.015748023986816406,
      "oracle_shock_d25_min": 0.0,
      "oracle_shock_d25_max": 0.015748023986816406,
      "oracle_knn_near_count_mean": 25.0,
      "oracle_knn_near_count_median": 25.0,
      "oracle_knn_near_count_p25": 25.0,
      "oracle_knn_near_count_p75": 25.0,
      "oracle_knn_near_count_min": 25.0,
      "oracle_knn_near_count_max": 25.0,
      "oracle_knn_left_count_mean": 16.20754716981132,
      "oracle_knn_left_count_median": 25.0,
      "oracle_knn_left_count_p25": 0.0,
      "oracle_knn_left_count_p75": 25.0,
      "oracle_knn_left_count_min": 0.0,
      "oracle_knn_left_count_max": 25.0,
      "oracle_knn_right_count_mean": 8.79245283018868,
      "oracle_knn_right_count_median": 0.0,
      "oracle_knn_right_count_p25": 0.0,
      "oracle_knn_right_count_p75": 25.0,
      "oracle_knn_right_count_min": 0.0,
      "oracle_knn_right_count_max": 25.0
    },
    {
      "subset": "far_from_threshold",
      "n_test": 294,
      "raw_d1_mean": 1.461320295362879,
      "raw_d1_median": 1.2037898302078247,
      "raw_d1_p25": 0.7180510610342026,
      "raw_d1_p75": 2.067178249359131,
      "raw_d1_min": 0.004608362913131714,
      "raw_d1_max": 6.425319194793701,
      "raw_d25_mean": 2.954687821520429,
      "raw_d25_median": 2.7221884727478027,
      "raw_d25_p25": 1.9007587134838104,
      "raw_d25_p75": 3.7368233799934387,
      "raw_d25_min": 0.1991146355867386,
      "raw_d25_max": 15.317747116088867,
      "raw_knn_near_count_mean": 2.098639455782313,
      "raw_knn_near_count_median": 1.0,
      "raw_knn_near_count_p25": 0.0,
      "raw_knn_near_count_p75": 3.0,
      "raw_knn_near_count_min": 0.0,
      "raw_knn_near_count_max": 18.0,
      "raw_knn_left_count_mean": 23.741496598639454,
      "raw_knn_left_count_median": 25.0,
      "raw_knn_left_count_p25": 24.0,
      "raw_knn_left_count_p75": 25.0,
      "raw_knn_left_count_min": 0.0,
      "raw_knn_left_count_max": 25.0,
      "raw_knn_right_count_mean": 1.2585034013605443,
      "raw_knn_right_count_median": 0.0,
      "raw_knn_right_count_p25": 0.0,
      "raw_knn_right_count_p75": 1.0,
      "raw_knn_right_count_min": 0.0,
      "raw_knn_right_count_max": 25.0,
      "raw_knn_median_shock_absdiff_mean": 0.09325620042933087,
      "raw_knn_median_shock_absdiff_median": 0.031496062874794006,
      "raw_knn_median_shock_absdiff_p25": 0.015748031437397003,
      "raw_knn_median_shock_absdiff_p75": 0.09448817372322083,
      "raw_knn_median_shock_absdiff_min": 0.0,
      "raw_knn_median_shock_absdiff_max": 0.960629940032959,
      "oracle_shock_d25_mean": 0.008998874676268117,
      "oracle_shock_d25_median": 0.0,
      "oracle_shock_d25_p25": 0.0,
      "oracle_shock_d25_p75": 0.007874011993408203,
      "oracle_shock_d25_min": 0.0,
      "oracle_shock_d25_max": 0.25196850299835205,
      "oracle_knn_near_count_mean": 0.027210884353741496,
      "oracle_knn_near_count_median": 0.0,
      "oracle_knn_near_count_p25": 0.0,
      "oracle_knn_near_count_p75": 0.0,
      "oracle_knn_near_count_min": 0.0,
      "oracle_knn_near_count_max": 8.0,
      "oracle_knn_left_count_mean": 24.14965986394558,
      "oracle_knn_left_count_median": 25.0,
      "oracle_knn_left_count_p25": 25.0,