{
  "dataset_path": "data\\processed\\pdebench_burgers_shockjump_near100_n2000\\dataset.pkl",
  "k": 25,
  "threshold": 0.5,
  "threshold_delta": 0.05,
  "counts": {
    "n_train": 1600,
    "n_test": 400,
    "n_train_near": 24,
    "n_test_near": 103,
    "n_test_far": 297
  },
  "rows": [
    {
      "subset": "all",
      "n_test": 400,
      "raw_d1_mean": 1.5792103503356338,
      "raw_d1_median": 1.4234774708747864,
      "raw_d1_p25": 0.8384364247322083,
      "raw_d1_p75": 2.173839747905731,
      "raw_d1_min": 0.001233385526575148,
      "raw_d1_max": 6.317681789398193,
      "raw_d25_mean": 3.33381861820817,
      "raw_d25_median": 3.0682315826416016,
      "raw_d25_p25": 2.1339449286460876,
      "raw_d25_p75": 4.338478326797485,
      "raw_d25_min": 0.172830730676651,
      "raw_d25_max": 10.597708702087402,
      "raw_knn_near_count_mean": 0.7325,
      "raw_knn_near_count_median": 0.0,
      "raw_knn_near_count_p25": 0.0,
      "raw_knn_near_count_p75": 1.0,
      "raw_knn_near_count_min": 0.0,
      "raw_knn_near_count_max": 5.0,
      "raw_knn_left_count_mean": 23.2625,
      "raw_knn_left_count_median": 25.0,
      "raw_knn_left_count_p25": 23.0,
      "raw_knn_left_count_p75": 25.0,
      "raw_knn_left_count_min": 6.0,
      "raw_knn_left_count_max": 25.0,
      "raw_knn_right_count_mean": 1.7375,
      "raw_knn_right_count_median": 0.0,
      "raw_knn_right_count_p25": 0.0,
      "raw_knn_right_count_p75": 2.0,
      "raw_knn_right_count_min": 0.0,
      "raw_knn_right_count_max": 19.0,
      "raw_knn_median_shock_absdiff_mean": 0.13584645717404784,
      "raw_knn_median_shock_absdiff_median": 0.05511811003088951,
      "raw_knn_median_shock_absdiff_p25": 0.015748031437397003,
      "raw_knn_median_shock_absdiff_p75": 0.16535431146621704,
      "raw_knn_median_shock_absdiff_min": 0.0,
      "raw_knn_median_shock_absdiff_max": 0.9055117964744568,
      "oracle_shock_d25_mean": 0.015807083062827586,
      "oracle_shock_d25_median": 0.0,
      "oracle_shock_d25_p25": 0.0,
      "oracle_shock_d25_p75": 0.039370059967041016,
      "oracle_shock_d25_min": 0.0,
      "oracle_shock_d25_max": 0.11023622751235962,
      "oracle_knn_near_count_mean": 4.9025,
      "oracle_knn_near_count_median": 0.0,
      "oracle_knn_near_count_p25": 0.0,
      "oracle_knn_near_count_p75": 9.0,
      "oracle_knn_near_count_min": 0.0,
      "oracle_knn_near_count_max": 24.0,
      "oracle_knn_left_count_mean": 22.1225,
      "oracle_knn_left_count_median": 25.0,
      "oracle_knn_left_count_p25": 23.0,
      "oracle_knn_left_count_p75": 25.0,
      "oracle_knn_left_count_min": 0.0,
      "oracle_knn_left_count_max": 25.0,
      "oracle_knn_right_count_mean": 2.8775,
      "oracle_knn_right_count_median": 0.0,
      "oracle_knn_right_count_p25": 0.0,
      "oracle_knn_right_count_p75": 2.0,
      "oracle_knn_right_count_min": 0.0,
      "oracle_knn_right_count_max": 25.0
    },
    {
      "subset": "near_threshold",
      "n_test": 103,
      "raw_d1_mean": 1.8128393564590262,
      "raw_d1_median": 1.5970747470855713,
      "raw_d1_p25": 1.1313113570213318,
      "raw_d1_p75": 2.28674852848053,
      "raw_d1_min": 0.02697170339524746,
      "raw_d1_max": 6.317681789398193,
      "raw_d25_mean": 3.7852141417345955,
      "raw_d25_median": 3.79947566986084,
      "raw_d25_p25": 2.732469320297241,
      "raw_d25_p75": 4.7187464237213135,
      "raw_d25_min": 0.172830730676651,
      "raw_d25_max": 9.174089431762695,
      "raw_knn_near_count_mean": 2.2815533980582523,
      "raw_knn_near_count_median": 2.0,
      "raw_knn_near_count_p25": 1.0,
      "raw_knn_near_count_p75": 3.0,
      "raw_knn_near_count_min": 0.0,
      "raw_knn_near_count_max": 5.0,
      "raw_knn_left_count_mean": 21.194174757281555,
      "raw_knn_left_count_median": 22.0,
      "raw_knn_left_count_p25": 19.0,
      "raw_knn_left_count_p75": 24.0,
      "raw_knn_left_count_min": 12.0,
      "raw_knn_left_count_max": 25.0,
      "raw_knn_right_count_mean": 3.8058252427184467,
      "raw_knn_right_count_median": 3.0,
      "raw_knn_right_count_p25": 1.0,
      "raw_knn_right_count_p75": 6.0,
      "raw_knn_right_count_min": 0.0,
      "raw_knn_right_count_max": 13.0,
      "raw_knn_median_shock_absdiff_mean": 0.2927910723153827,
      "raw_knn_median_shock_absdiff_median": 0.33858269453048706,
      "raw_knn_median_shock_absdiff_p25": 0.11023621261119843,
      "raw_knn_median_shock_absdiff_p75": 0.4566929042339325,
      "raw_knn_median_shock_absdiff_min": 0.05511811375617981,
      "raw_knn_median_shock_absdiff_max": 0.5354330539703369,
      "oracle_shock_d25_mean": 0.04242793854000499,
      "oracle_shock_d25_median": 0.0393700897693634,
      "oracle_shock_d25_p25": 0.039370059967041016,
      "oracle_shock_d25_p75": 0.04724407196044922,
      "oracle_shock_d25_min": 0.03149604797363281,
      "oracle_shock_d25_max": 0.05511808395385742,
      "oracle_knn_near_count_mean": 18.825242718446603,
      "oracle_knn_near_count_median": 20.0,
      "oracle_knn_near_count_p25": 18.0,
      "oracle_knn_near_count_p75": 21.0,
      "oracle_knn_near_count_min": 9.0,
      "oracle_knn_near_count_max": 24.0,
      "oracle_knn_left_count_mean": 18.184466019417474,
      "oracle_knn_left_count_median": 22.0,
      "oracle_knn_left_count_p25": 12.0,
      "oracle_knn_left_count_p75": 23.0,
      "oracle_knn_left_count_min": 3.0,
      "oracle_knn_left_count_max": 25.0,
      "oracle_knn_right_count_mean": 6.815533980582524,
      "oracle_knn_right_count_median": 3.0,
      "oracle_knn_right_count_p25": 2.0,
      "oracle_knn_right_count_p75": 13.0,
      "oracle_knn_right_count_min": 0.0,
      "oracle_knn_right_count_max": 22.0
    },
    {
      "subset": "far_from_threshold",
      "n_test": 297,
      "raw_d1_mean": 1.4981874963601813,
      "raw_d1_median": 1.2991313934326172,
      "raw_d1_p25": 0.7701995372772217,
      "raw_d1_p75": 2.0414905548095703,
      "raw_d1_min": 0.001233385526575148,
      "raw_d1_max": 4.816512584686279,
      "raw_d25_mean": 3.1772740427091066,
      "raw_d25_median": 2.8110711574554443,
      "raw_d25_p25": 1.9790831804275513,
      "raw_d25_p75": 4.187458038330078,
      "raw_d25_min": 0.18997439742088318,
      "raw_d25_max": 10.597708702087402,
      "raw_knn_near_count_mean": 0.19528619528619529,
      "raw_knn_near_count_median": 0.0,
      "raw_knn_near_count_p25": 0.0,
      "raw_knn_near_count_p75": 0.0,
      "raw_knn_near_count_min": 0.0,
      "raw_knn_near_count_max": 2.0,
      "raw_knn_left_count_mean": 23.97979797979798,
      "raw_knn_left_count_median": 25.0,
      "raw_knn_left_count_p25": 24.0,
      "raw_knn_left_count_p75": 25.0,
      "raw_knn_left_count_min": 6.0,
      "raw_knn_left_count_max": 25.0,
      "raw_knn_right_count_mean": 1.02020202020202,
      "raw_knn_right_count_median": 0.0,
      "raw_knn_right_count_p25": 0.0,
      "raw_knn_right_count_p75": 1.0,
      "raw_knn_right_count_min": 0.0,
      "raw_knn_right_count_max": 19.0,
      "raw_knn_median_shock_absdiff_mean": 0.08141785326981384,
      "raw_knn_median_shock_absdiff_median": 0.031496062874794006,
      "raw_knn_median_shock_absdiff_p25": 0.015748031437397003,
      "raw_knn_median_shock_absdiff_p75": 0.07086614519357681,
      "raw_knn_median_shock_absdiff_min": 0.0,
      "raw_knn_median_shock_absdiff_max": 0.9055117964744568,
      "oracle_shock_d25_mean": 0.006574934530338455,
      "oracle_shock_d25_median": 0.0,
      "oracle_shock_d25_p25": 0.0,
      "oracle_shock_d25_p75": 0.0,
      "oracle_shock_d25_min": 0.0,
      "oracle_shock_d25_max": 0.11023622751235962,
      "oracle_knn_near_count_mean": 0.07407407407407407,
      "oracle_knn_near_count_median": 0.0,
      "oracle_knn_near_count_p25": 0.0,
      "oracle_knn_near_count_p75": 0.0,
      "oracle_knn_near_count_min": 0.0,
      "oracle_knn_near_count_max": 7.0,
      "oracle_knn_left_count_mean": 23.488215488215488,
      "oracle_knn_left_count_median": 25.0,
      "oracle_knn_left_count_p25": 25.0,