dataset,method,n_seeds,rmse_mean,rmse_std,mean_crps_mean,mean_crps_std,wall_sec_mean,wall_sec_std,coverage_90_mean,coverage_90_std,mean_width_90_mean,mean_width_90_std,coverage_95_mean,coverage_95_std,mean_width_95_mean,mean_width_95_std
Appliances Energy Prediction,lmjgp_supervised_residual_ridge,5,102.98099336476318,5.666515819505077,47.66483612060547,4.581814431439818,86.01245914000319,1.6294642305010432,0.783,0.031717503054307414,162.74984106817863,13.77175109233256,0.8280000000000001,0.024819347291981694,193.92839688382728,16.410053577258704
Appliances Energy Prediction,lmjgp_transductive_residual_ridge,5,103.8924443362296,7.259161734243015,48.38452911376953,4.977190017891626,86.92324742000783,1.5827497754034483,0.783,0.027129319932501065,158.16789743103197,16.427191782296056,0.833,0.0188679622641132,188.46867429158425,19.574206320172777
Parkinsons Telemonitoring,lmjgp_supervised_residual_ridge,5,9.510759098506927,0.8180032754655644,5.952899932861328,0.6943232677542955,98.26953560000402,5.266799974297766,0.665,0.09904544411531509,20.286511003347385,1.7926992729763684,0.734,0.09189124006128115,24.172868811572037,2.1361329376504368
Parkinsons Telemonitoring,lmjgp_transductive_residual_ridge,5,9.35200985692742,0.7834498621294864,5.850966358184815,0.667293653391299,96.50341146000429,4.001233695914357,0.6609999999999999,0.08546344247688599,20.353826112844793,1.6944823770141308,0.752,0.06968500556073738,24.253079711842126,2.019100287689914
Wine Quality,lmjgp_supervised_residual_ridge,5,0.7641144889549862,0.023517318420868755,0.42888582348823545,0.013121472649455427,116.08297599999932,5.18041808384376,0.818,0.011224972160321799,2.0213699039981226,0.06722653919071352,0.8780000000000001,0.024000000000000018,2.4086108005927698,0.0801053622402086
Wine Quality,lmjgp_transductive_residual_ridge,5,0.7699906916299727,0.025985226802210992,0.42918190360069275,0.01078557814361683,113.54073901999509,11.503272461899014,0.8230000000000001,0.023790754506740612,2.0098133652731893,0.07644506929911586,0.875,0.01581138830084191,2.394840335357641,0.09108991837749468
