{
  "args": {
    "data_dir": "experiments\\synthetic\\deep_mahalanobis_gp_paper_train1000_5seeds",
    "out_dir": "experiments\\synthetic\\deep_mahalanobis_gp_global_z_jgp_train1000_5seeds",
    "settings": "l2_q2_train1000,lh_q5_train1000",
    "seed": 0,
    "seeds": "0,1,2,3,4",
    "Q": 0,
    "m_u": 50,
    "m_v": 25,
    "steps1": 300,
    "steps2": 700,
    "lr": 0.01,
    "initial_noise_var": 0.01,
    "w_samples": 0
  },
  "rows": [
    {
      "setting": "l2_q2_train1000",
      "seed": 0,
      "method": "deep_mahalanobis_gp",
      "N_train": 1000,
      "N_test": 200,
      "Q": 2,
      "D": 20,
      "rmse": 2.222146609991255,
      "mean_crps": 1.2641299027351713,
      "wall_sec": 166.40552819999996,
      "coverage_90": 0.765,
      "mean_width_90": 5.157497663979128,
      "coverage_95": 0.84,
      "mean_width_95": 6.145537515385727,
      "train_sec": 165.38429879999998,
      "predict_sec": 1.0212293999999815,
      "m_u": 50,
      "m_v": 25,
      "steps1": 300,
      "steps2": 700,
      "lr": 0.01,
      "y_standardized": true,
      "W_mean_norm_mean": 0.11253042411149132,
      "W_mean_anchor_frob_std": 0.24487183985164224,
      "W_var_mean": 0.0193850221567442
    },
    {
      "setting": "lh_q5_train1000",
      "seed": 0,
      "method": "deep_mahalanobis_gp",
      "N_train": 1000,
      "N_test": 200,
      "Q": 5,
      "D": 30,
      "rmse": 617.8897002962182,
      "mean_crps": 303.05324161125367,
      "wall_sec": 445.2625151,
      "coverage_90": 0.765,
      "mean_width_90": 677.662247114454,
      "coverage_95": 0.78,
      "mean_width_95": 807.4843720218742,
      "train_sec": 443.4731790999999,
      "predict_sec": 1.7893360000000484,
      "m_u": 50,
      "m_v": 25,
      "steps1": 300,
      "steps2": 700,
      "lr": 0.01,
      "y_standardized": true,
      "W_mean_norm_mean": 0.3728551211968803,
      "W_mean_anchor_frob_std": 0.20527060432779398,
      "W_var_mean": 0.002838691682138468
    },
    {
      "setting": "l2_q2_train1000",
      "seed": 1,
      "method": "deep_mahalanobis_gp",
      "N_train": 1000,
      "N_test": 200,
      "Q": 2,
      "D": 20,
      "rmse": 2.234905630495794,
      "mean_crps": 1.2220321434613692,
      "wall_sec": 212.38974810000002,
      "coverage_90": 0.765,
      "mean_width_90": 5.084227282273661,
      "coverage_95": 0.825,
      "mean_width_95": 6.058230470598785,
      "train_sec": 211.5150480000001,
      "predict_sec": 0.8747000999999273,
      "m_u": 50,
      "m_v": 25,
      "steps1": 300,
      "steps2": 700,
      "lr": 0.01,
      "y_standardized": true,
      "W_mean_norm_mean": 0.12150633489044799,
      "W_mean_anchor_frob_std": 0.19089644353019716,
      "W_var_mean": 0.01777673642767661
    },
    {
      "setting": "lh_q5_train1000",
      "seed": 1,
      "method": "deep_mahalanobis_gp",
      "N_train": 1000,
      "N_test": 200,
      "Q": 5,
      "D": 30,
      "rmse": 558.2626456659696,
      "mean_crps": 225.21229993718597,
      "wall_sec": 503.5757873000001,
      "coverage_90": 0.81,
      "mean_width_90": 192.57697097663402,
      "coverage_95": 0.83,
      "mean_width_95": 229.46961430578017,
      "train_sec": 501.81317780000006,
      "predict_sec": 1.7626095000000532,
      "m_u": 50,
      "m_v": 25,
      "steps1": 300,
      "steps2": 700,
      "lr": 0.01,
      "y_standardized": true,
      "W_mean_norm_mean": 0.11501959128209484,
      "W_mean_anchor_frob_std": 0.23086243860784805,
      "W_var_mean": 0.002360247042556882
    },
    {
      "setting": "l2_q2_train1000",
      "seed": 2,
      "method": "deep_mahalanobis_gp",
      "N_train": 1000,
      "N_test": 200,
      "Q": 2,
      "D": 20,
      "rmse": 2.3493752773522343,
      "mean_crps": 1.3154949242087453,
      "wall_sec": 203.9319284999999,
      "coverage_90": 0.74,
      "mean_width_90": 5.253818237390646,
      "coverage_95": 0.82,
      "mean_width_95": 6.260310557657403,
      "train_sec": 203.00229999999988,
      "predict_sec": 0.9296285000000353,
      "m_u": 50,
      "m_v": 25,
      "steps1": 300,
      "steps2": 700,
      "lr": 0.01,
      "y_standardized": true,
      "W_mean_norm_mean": 0.12210674381591417,
      "W_mean_anchor_frob_std": 0.22217187598942914,
      "W_var_mean": 0.018672738997829882
    },
    {
      "setting": "lh_q5_train1000",
      "seed": 2,
      "method": "deep_mahalanobis_gp",
      "N_train": 1000,
      "N_test": 200,
      "Q": 5,
      "D": 30,
      "rmse": 506.24005895574726,
      "mean_crps": 193.93136191291404,
      "wall_sec": 737.0168974000001,
      "coverage_90": 0.785,
      "mean_width_90": 184.4170240831251,
      "coverage_95": 0.79,
      "mean_width_95": 219.7464378692979,
      "train_sec": 734.5656111999999,
      "predict_sec": 2.4512862000001405,
      "m_u": 50,
      "m_v": 25,
      "steps1": 300,
      "steps2": 700,
      "lr": 0.01,
      "y_standardized": true,
      "W_mean_norm_mean": 0.0900748831057367,
      "W_mean_anchor_frob_std": 0.21481599919507555,
      "W_var_mean": 0.0026858204302247445
    },
    {
      "setting": "l2_q2_train1000",
      "seed": 3,
      "method": "deep_mahalanobis_gp",
      "N_train": 1000,
      "N_test": 200,
      "Q": 2,
      "D": 20,
      "rmse": 2.304202528932308,
      "mean_crps": 1.300945017861133,
      "wall_sec": 353.1404054999998,
      "coverage_90": 0.735,
      "mean_width_90": 5.171501746343156,
      "coverage_95": 0.845,
      "mean_width_95": 6.162224408748329,
      "train_sec": 351.67933059999996,
      "predict_sec": 1.4610748999998577,
      "m_u": 50,
      "m_v": 25,
      "steps1": 300,
      "steps2": 700,
      "lr": 0.01,
      "y_standardized": true,
      "W_mean_norm_mean": 0.127450927726839,
      "W_mean_anchor_frob_std": 0.20640746542688704,
      "W_var_mean": 0.017083032856615627
    },
    {
      "setting": "lh_q5_train1000",
      "seed": 3,
      "method": "deep_mahalanobis_gp",
      "N_train": 1000,
      "N_test": 200,
      "Q": 5,
      "D": 30,
      "rmse": 502.6113599282569,
      "mean_crps": 237.08367004369393,
      "wall_sec": 689.1291719000001,
      "coverage_90": 0.79,
      "mean_width_90": 678.196153280965,
      "coverage_95": 0.815,
      "mean_width_95": 808.1205604585468,
      "train_sec": 685.5977169000003,
      "predict_sec": 3.5314549999998235,
      "m_u": 50,
      "m_v": 25,
      "steps1": 300,
      "steps2": 700,
      "lr": 0.01,
      "y_standardized": true,
      "W_mean_norm_mean": 0.38598818321438055,
      "W_mean_anchor_frob_std": 0.3424884298999153,
      "W_var_mean": 0.00280915525123521
    },
    {
      "setting": "l2_q2_train1000",
      "seed": 4,
      "method": "deep_mahalanobis_gp",
      "N_train": 1000,
      "N_test": 200,
      "Q": 2,
      "D": 20,
      "rmse": 2.531341943490513,
      "mean_crps": 1.4154078819205966,
      "wall_sec": 355.62994810000055,
      "coverage_90": 0.725,
      "mean_width_90": 5.38808205154463,
      "coverage_95": 0.805,
      "mean_width_95": 6.420295759900904,
      "train_sec": 354.33280730000024,
      "predict_sec": 1.2971408000003066,
      "m_u": 50,
      "m_v": 25,
      "steps1": 300,
      "steps2": 700,
      "lr": 0.01,
      "y_standardized": true,
      "W_mean_norm_mean": 0.1452598401872579,
      "W_mean_anchor_frob_std": 0.2493035918844087,
      "W_var_mean": 0.015969371121440055
    },
    {
      "setting": "lh_q5_train1000",
      "seed": 4,
      "method": "deep_mahalanobis_gp",
      "N_train": 1000,
      "N_test": 200,
      "Q": 5,
      "D": 30,
      "rmse": 383.12415609615704,
      "mean_crps": 123.98255403927865,
      "wall_sec": 781.1824451999996,
      "coverage_90": 0.865,
      "mean_width_90": 307.38377203573094,
      "coverage_95": 0.88,
      "mean_width_95": 366.27035545934154,
      "train_sec": 779.2006729999998,
      "predict_sec": 1.9817721999997957,
      "m_u": 50,
      "m_v": 25,
      "steps1": 300,
      "steps2": 700,
      "lr": 0.01,
      "y_standardized": true,