setting,method,n_seeds,seeds,rmse_mean,rmse_std,mean_crps_mean,mean_crps_std,coverage_90_mean,coverage_90_std,mean_width_90_mean,mean_width_90_std,coverage_95_mean,coverage_95_std,mean_width_95_mean,mean_width_95_std,wall_sec_mean,wall_sec_std
l2_q2_train1000,deep_mahalanobis_gp,5,"0,1,2,3,4",2.328394398052421,0.1247416251239056,1.303601974037403,0.07221624538595374,0.746,0.018165902124584965,5.211025396306244,0.11585053427691595,0.827,0.016046806535881187,6.20931974245823,0.13804442599145436,258.2995116800001,89.40924684689007
lh_q5_train1000,deep_mahalanobis_gp,5,"0,1,2,3,4",513.6255841884698,86.70345295636537,216.65262550886527,65.30650816639618,0.8030000000000002,0.038177218337642135,408.04723349818175,251.11935981462898,0.819,0.03943348830626069,486.2182680229682,299.22717316168126,631.23336338,148.24677145996276
