{
  "count": 1250,
  "mean": 0.045052350518774854,
  "median": 0.00022404333767469652,
  "p90": 0.10594099711303995,
  "frac_near_zero": 0.0,
  "bin_edges": [
    3.641452731535643e-07,
    0.2774792771935077,
    0.5549581902417422,
    0.8324371032899768,
    1.1099160163382111,
    1.3873949293864456,
    1.6648738424346803,
    1.9423527554829148,
    2.219831668531149,
    2.497310581579384,
    2.774789494627618,
    3.052268407675853,
    3.3297473207240875,
    3.6072262337723218,
    3.8847051468205565,
    4.162184059868791,
    4.439662972917025,
    4.71714188596526,
    4.994620799013495,
    5.272099712061729,
    5.549578625109963
  ],
  "bin_counts": [
    1199,
    26,
    19,
    3,
    2,
    0,
    0,
    0,
    0,
    0,
    0,
    0,
    0,
    0,
    0,
    0,
    0,
    0,
    0,
    1
  ]
}