{
  "variant": "hard_top30_rank",
  "reward_advantage": "rank",
  "anchor_weight": "top_fraction",
  "noise_std": 0.5,
  "rmse_cem": 2.352920252584765,
  "crps_cem": 0.7656848430633545,
  "w_drift_test": 0.43531483836702256,
  "w_drift_reward": 0.3616326202310406,
  "anchor_weight_active_frac_last": 0.3,
  "explore_reward_spread_mean": 0.045052350518774854,
  "explore_reward_spread_median": 0.00022404333767469652,
  "explore_reward_spread_p90": 0.10594099711303995,
  "explore_reward_spread_frac_near_zero": 0.0,
  "explore_top_anchor_overlap_mean": 0.8134191176470588,
  "explore_top_anchor_overlap_last": 0.7647058823529411,
  "explore_rank_stability_spread_mean": 0.9452781112444978,
  "explore_rank_stability_spread_last": 0.9701320528211285,
  "explore_mean_delta_reward_vs_w0": 0.0352424223284132,
  "explore_frac_delta_reward_positive": 0.55648,
  "explore_mean_best_delta_reward_vs_w0": 0.22961477072205602,
  "explore_frac_best_delta_positive": 0.916,
  "explore_mean_delta_reward_top_anchors": 0.1147373698489536,
  "explore_frac_delta_top_positive": 0.6741333333333334,
  "explore_mean_delta_reward_top_anchors_last": 0.06919566818858765,
  "explore_mean_best_delta_top_anchors_last": 0.2618816127959685,
  "rmse": 2.352920252584765,
  "mean_crps": 0.7656848430633545,
  "wall_sec": 44.129142299992964,
  "coverage_90": 0.825,
  "mean_width_90": 1.4746157655946501,
  "coverage_95": 0.9,
  "mean_width_95": 1.7571130611524874,
  "final_ensemble_samples": 5,
  "final_hyper_steps": 4,
  "final_gate_steps": 6,
  "final_ensemble_cem_sec": 42.62443460000213,
  "final_ensemble_pred_sec": 1.5047076999908313,
  "final_ensemble_total_sec": 44.129142299992964,
  "final_ensemble_mean_n_inliers": 32.07,
  "final_ensemble_fallback_count": 0,
  "final_ensemble_within_sigma_mean": 0.4414988188142152,
  "final_ensemble_between_sigma_mean": 0.02738938428810091
}