{
  "count": 1250,
  "mean": 0.04795116702758037,
  "median": 0.00018890640144522596,
  "p90": 0.10122241149348551,
  "frac_near_zero": 0.0,
  "bin_edges": [
    3.4960257859500945e-07,
    0.20859707219032708,
    0.41719379477807556,
    0.6257905173658239,
    0.8343872399535724,
    1.042983962541321,
    1.2515806851290694,
    1.460177407716818,
    1.6687741303045664,
    1.877370852892315,
    2.0859675754800633,
    2.2945642980678116,
    2.50316102065556,
    2.7117577432433086,
    2.920354465831057,
    3.1289511884188057,
    3.337547911006554,
    3.5461446335943023,
    3.754741356182051,
    3.9633380787697994,
    4.171934801357549
  ],
  "bin_counts": [
    1191,
    23,
    15,
    12,
    4,
    1,
    1,
    0,
    0,
    0,
    0,
    1,
    0,
    0,
    0,
    1,
    0,
    0,
    0,
    1
  ]
}