{
  "variant": "hard_rank_spread",
  "reward_advantage": "rank",
  "anchor_weight": "spread_std",
  "noise_std": 0.5,
  "rmse_cem": 2.3552962134236575,
  "crps_cem": 0.7691437005996704,
  "w_drift_test": 0.45392800409433454,
  "w_drift_reward": 0.3805496593213205,
  "anchor_weight_active_frac_last": 1.0,
  "explore_reward_spread_mean": 0.04795116702758037,
  "explore_reward_spread_median": 0.00018890640144522596,
  "explore_reward_spread_p90": 0.10122241149348551,
  "explore_reward_spread_frac_near_zero": 0.0,
  "explore_top_anchor_overlap_mean": 0.7856413398692809,
  "explore_top_anchor_overlap_last": 0.875,
  "explore_rank_stability_spread_mean": 0.9577711084433774,
  "explore_rank_stability_spread_last": 0.9789675870348139,
  "explore_mean_delta_reward_vs_w0": 0.05368297704426776,
  "explore_frac_delta_reward_positive": 0.6208,
  "explore_mean_best_delta_reward_vs_w0": 0.2865292310060245,
  "explore_frac_best_delta_positive": 0.9592,
  "explore_mean_delta_reward_top_anchors": 0.17552876449599628,
  "explore_frac_delta_top_positive": 0.6938666666666666,
  "explore_mean_delta_reward_top_anchors_last": 0.3745427839864388,
  "explore_mean_best_delta_top_anchors_last": 1.7444958887028235,
  "rmse": 2.3552962134236575,
  "mean_crps": 0.7691437005996704,
  "wall_sec": 19.938801000011154,
  "coverage_90": 0.825,
  "mean_width_90": 1.4622084948332126,
  "coverage_95": 0.9,
  "mean_width_95": 1.7423288861715658,
  "final_ensemble_samples": 5,
  "final_hyper_steps": 4,
  "final_gate_steps": 6,
  "final_ensemble_cem_sec": 19.179971800011117,
  "final_ensemble_pred_sec": 0.7588292000000365,
  "final_ensemble_total_sec": 19.938801000011154,
  "final_ensemble_mean_n_inliers": 32.1375,
  "final_ensemble_fallback_count": 0,
  "final_ensemble_within_sigma_mean": 0.4425389927050503,
  "final_ensemble_between_sigma_mean": 0.01876284438974814
}