{
  "args": {
    "data_dir": "experiments\\synthetic\\deep_mahalanobis_gp_paper_train200_500_5seeds",
    "out_dir": "experiments\\synthetic\\deep_mahalanobis_gp_paper_train200_500_5seeds",
    "settings": "l2_q2_train200,l2_q2_train500,lh_q5_train200,lh_q5_train500",
    "seed": 0,
    "seeds": "0,1,2,3,4",
    "Q": 0,
    "m_u": 50,
    "m_v": 25,
    "steps1": 300,
    "steps2": 700,
    "lr": 0.01,
    "initial_noise_var": 0.01,
    "w_samples": 0
  },
  "rows": [
    {
      "setting": "l2_q2_train200",
      "seed": 0,
      "method": "deep_mahalanobis_gp",
      "N_train": 200,
      "N_test": 200,
      "Q": 2,
      "D": 20,
      "rmse": 2.257514422796118,
      "mean_crps": 1.2668167888666235,
      "wall_sec": 46.3215262,
      "coverage_90": 0.82,
      "mean_width_90": 5.939675802351803,
      "coverage_95": 0.88,
      "mean_width_95": 7.07756025320607,
      "train_sec": 45.3174615,
      "predict_sec": 1.0040647000000007,
      "m_u": 50,
      "m_v": 25,
      "steps1": 300,
      "steps2": 700,
      "lr": 0.01,
      "y_standardized": true,
      "W_mean_norm_mean": 0.06812773016416361,
      "W_mean_anchor_frob_std": 0.1520943851675447,
      "W_var_mean": 0.013321239165364073
    },
    {
      "setting": "l2_q2_train500",
      "seed": 0,
      "method": "deep_mahalanobis_gp",
      "N_train": 500,
      "N_test": 200,
      "Q": 2,
      "D": 20,
      "rmse": 2.263411661921539,
      "mean_crps": 1.226610173365815,
      "wall_sec": 109.4498216,
      "coverage_90": 0.81,
      "mean_width_90": 5.474947950194136,
      "coverage_95": 0.885,
      "mean_width_95": 6.523802862325137,
      "train_sec": 108.2018668,
      "predict_sec": 1.2479548000000023,
      "m_u": 50,
      "m_v": 25,
      "steps1": 300,
      "steps2": 700,
      "lr": 0.01,
      "y_standardized": true,
      "W_mean_norm_mean": 0.08348609720463789,
      "W_mean_anchor_frob_std": 0.17582849054416969,
      "W_var_mean": 0.016486311342808976
    },
    {
      "setting": "lh_q5_train200",
      "seed": 0,
      "method": "deep_mahalanobis_gp",
      "N_train": 200,
      "N_test": 200,
      "Q": 5,
      "D": 30,
      "rmse": 740.6694850958896,
      "mean_crps": 387.74677663628785,
      "wall_sec": 111.76888710000003,
      "coverage_90": 0.715,
      "mean_width_90": 743.7429088413389,
      "coverage_95": 0.75,
      "mean_width_95": 886.2243370480085,
      "train_sec": 109.88606870000001,
      "predict_sec": 1.8828184000000192,
      "m_u": 50,
      "m_v": 25,
      "steps1": 300,
      "steps2": 700,
      "lr": 0.01,
      "y_standardized": true,
      "W_mean_norm_mean": 0.18564371512607583,
      "W_mean_anchor_frob_std": 0.3377363166759997,
      "W_var_mean": 0.0044548982002432245
    },
    {
      "setting": "lh_q5_train500",
      "seed": 0,
      "method": "deep_mahalanobis_gp",
      "N_train": 500,
      "N_test": 200,
      "Q": 5,
      "D": 30,
      "rmse": 669.4468797394942,
      "mean_crps": 329.4255741338241,
      "wall_sec": 271.05057209999995,
      "coverage_90": 0.79,
      "mean_width_90": 717.2519277855675,
      "coverage_95": 0.82,
      "mean_width_95": 854.6583861732948,
      "train_sec": 268.8996065,
      "predict_sec": 2.1509655999999495,
      "m_u": 50,
      "m_v": 25,
      "steps1": 300,
      "steps2": 700,
      "lr": 0.01,
      "y_standardized": true,
      "W_mean_norm_mean": 0.27604155489577753,
      "W_mean_anchor_frob_std": 0.2714339640751399,
      "W_var_mean": 0.0035200542619590464
    },
    {
      "setting": "l2_q2_train200",
      "seed": 1,
      "method": "deep_mahalanobis_gp",
      "N_train": 200,
      "N_test": 200,
      "Q": 2,
      "D": 20,
      "rmse": 2.6376704610183612,
      "mean_crps": 1.3796538599982324,
      "wall_sec": 59.59910230000003,
      "coverage_90": 0.83,
      "mean_width_90": 6.222483342798978,
      "coverage_95": 0.895,
      "mean_width_95": 7.414546222504826,
      "train_sec": 58.47845070000005,
      "predict_sec": 1.1206515999999738,
      "m_u": 50,
      "m_v": 25,
      "steps1": 300,
      "steps2": 700,
      "lr": 0.01,
      "y_standardized": true,
      "W_mean_norm_mean": 0.046462011592968616,
      "W_mean_anchor_frob_std": 0.14227434000961203,
      "W_var_mean": 0.013956564988534474
    },
    {
      "setting": "l2_q2_train500",
      "seed": 1,
      "method": "deep_mahalanobis_gp",
      "N_train": 500,
      "N_test": 200,
      "Q": 2,
      "D": 20,
      "rmse": 2.372136113936009,
      "mean_crps": 1.2847733892674984,
      "wall_sec": 131.56925740000008,
      "coverage_90": 0.8,
      "mean_width_90": 5.37285910614027,
      "coverage_95": 0.86,
      "mean_width_95": 6.402156501645772,
      "train_sec": 130.51787490000004,
      "predict_sec": 1.0513825000000452,
      "m_u": 50,
      "m_v": 25,
      "steps1": 300,
      "steps2": 700,
      "lr": 0.01,
      "y_standardized": true,
      "W_mean_norm_mean": 0.07714311852455989,
      "W_mean_anchor_frob_std": 0.19838772812082006,
      "W_var_mean": 0.015628509410783892
    },
    {
      "setting": "lh_q5_train200",
      "seed": 1,
      "method": "deep_mahalanobis_gp",
      "N_train": 200,
      "N_test": 200,
      "Q": 5,
      "D": 30,
      "rmse": 570.6850571539995,
      "mean_crps": 223.44936274814387,
      "wall_sec": 156.95539529999996,
      "coverage_90": 0.79,
      "mean_width_90": 99.30692197718264,
      "coverage_95": 0.805,
      "mean_width_95": 118.33149606846413,
      "train_sec": 154.66934129999993,
      "predict_sec": 2.2860540000000356,
      "m_u": 50,
      "m_v": 25,
      "steps1": 300,
      "steps2": 700,
      "lr": 0.01,
      "y_standardized": true,
      "W_mean_norm_mean": 0.002108552703739875,
      "W_mean_anchor_frob_std": 0.03199483677418718,
      "W_var_mean": 0.001928074671845154
    },
    {
      "setting": "lh_q5_train500",
      "seed": 1,
      "method": "deep_mahalanobis_gp",
      "N_train": 500,
      "N_test": 200,
      "Q": 5,
      "D": 30,
      "rmse": 598.5925151256577,
      "mean_crps": 241.15943815551444,
      "wall_sec": 359.1569006,
      "coverage_90": 0.81,
      "mean_width_90": 108.21600856588145,
      "coverage_95": 0.81,
      "mean_width_95": 128.94732750956396,
      "train_sec": 357.1197998,
      "predict_sec": 2.037100799999962,
      "m_u": 50,
      "m_v": 25,
      "steps1": 300,
      "steps2": 700,
      "lr": 0.01,
      "y_standardized": true,
      "W_mean_norm_mean": 0.009022151699131746,
      "W_mean_anchor_frob_std": 0.03358547324466567,
      "W_var_mean": 0.002761262510805263
    },
    {
      "setting": "l2_q2_train200",
      "seed": 2,
      "method": "deep_mahalanobis_gp",
      "N_train": 200,
      "N_test": 200,
      "Q": 2,
      "D": 20,
      "rmse": 2.20013969708513,
      "mean_crps": 1.2075949199370035,
      "wall_sec": 76.89079270000002,
      "coverage_90": 0.825,
      "mean_width_90": 5.908159768519813,
      "coverage_95": 0.915,
      "mean_width_95": 7.040006582633732,
      "train_sec": 75.76108060000001,
      "predict_sec": 1.129712100000006,
      "m_u": 50,
      "m_v": 25,
      "steps1": 300,
      "steps2": 700,
      "lr": 0.01,
      "y_standardized": true,
      "W_mean_norm_mean": 0.07762680409765815,
      "W_mean_anchor_frob_std": 0.1509704404494192,
      "W_var_mean": 0.013423858706125075
    },
    {
      "setting": "l2_q2_train500",
      "seed": 2,
      "method": "deep_mahalanobis_gp",
      "N_train": 500,
      "N_test": 200,
      "Q": 2,
      "D": 20,
      "rmse": 2.0215804511454483,
      "mean_crps": 1.126104827426917,
      "wall_sec": 142.74565299999995,
      "coverage_90": 0.85,
      "mean_width_90": 5.573042199633909,
      "coverage_95": 0.895,
      "mean_width_95": 6.640689369940271,
      "train_sec": 141.50950669999997,
      "predict_sec": 1.236146299999973,
      "m_u": 50,
      "m_v": 25,
      "steps1": 300,
      "steps2": 700,
      "lr": 0.01,
      "y_standardized": true,