setting,method,n_seeds,seeds,rmse_mean,rmse_std,mean_crps_mean,mean_crps_std,coverage_90_mean,coverage_90_std,mean_width_90_mean,mean_width_90_std,coverage_95_mean,coverage_95_std,mean_width_95_mean,mean_width_95_std,wall_sec_mean,wall_sec_std
l2_q2_train200,deep_mahalanobis_gp,5,"0,1,2,3,4",2.492573540823148,0.317849159746626,1.3584813290302704,0.1523943064754796,0.8069999999999998,0.027064737205448684,6.00847616569232,0.31263876107362937,0.8779999999999999,0.02841654447676567,7.159540942588507,0.37253206111185105,65.5959379,12.595701559594325
l2_q2_train500,deep_mahalanobis_gp,5,"0,1,2,3,4",2.226232486133649,0.1524691602996361,1.2115147740692156,0.05895094520617713,0.8219999999999998,0.02018662923818632,5.431967994917558,0.15083817613083061,0.875,0.015411035007422455,6.472589086814084,0.17973477266670995,129.79426518,13.85763875785165
lh_q5_train200,deep_mahalanobis_gp,5,"0,1,2,3,4",563.7318451489169,151.94185293732863,248.09402074866716,121.26941439784295,0.7779999999999999,0.06806247130394252,419.54701637117216,373.89150440655226,0.805,0.06020797289396147,499.92110448925314,445.5192065451556,141.43026643999997,22.164296067854355
lh_q5_train500,deep_mahalanobis_gp,5,"0,1,2,3,4",567.612516249668,84.6871256924474,240.7345479823171,73.44510678741057,0.806,0.020432816741702522,389.17283173026686,334.8418470353367,0.8210000000000001,0.01981161275615893,463.72803114796153,398.98866984441514,322.49107186,40.0063214304705
