{
  "count": 1250,
  "mean": 0.061416600089138004,
  "median": 0.00022538638535622442,
  "p90": 0.12500110491269928,
  "frac_near_zero": 0.0,
  "bin_edges": [
    2.7950250981326797e-07,
    0.5433336848057331,
    1.0866670901089563,
    1.6300004954121796,
    2.173333900715403,
    2.7166673060186266,
    3.2600007113218497,
    3.8033341166250727,
    4.346667521928296,
    4.89000092723152,
    5.433334332534743,
    5.976667737837966,
    6.520001143141189,
    7.063334548444413,
    7.606667953747635,
    8.15000135905086,
    8.693334764354082,
    9.236668169657305,
    9.78000157496053,
    10.323334980263752,
    10.866668385566975
  ],
  "bin_counts": [
    1226,
    18,
    1,
    1,
    0,
    0,
    1,
    1,
    0,
    0,
    0,
    0,
    0,
    0,
    1,
    0,
    0,
    0,
    0,
    1
  ]
}