{
  "variant": "center",
  "reward_advantage": "center",
  "anchor_weight": "uniform",
  "noise_std": 0.5,
  "rmse_cem": 2.35329048778955,
  "crps_cem": 0.7681143283843994,
  "w_drift_test": 0.1905245068894703,
  "w_drift_reward": 0.19430608124529358,
  "anchor_weight_active_frac_last": 1.0,
  "explore_reward_spread_mean": 0.061416600089138004,
  "explore_reward_spread_median": 0.00022538638535622442,
  "explore_reward_spread_p90": 0.12500110491269928,
  "explore_reward_spread_frac_near_zero": 0.0,
  "explore_top_anchor_overlap_mean": 0.8490604575163397,
  "explore_top_anchor_overlap_last": 1.0,
  "explore_rank_stability_spread_mean": 0.9161024409763905,
  "explore_rank_stability_spread_last": 0.9791596638655462,
  "explore_mean_delta_reward_vs_w0": 0.008504290496185568,
  "explore_frac_delta_reward_positive": 0.54352,
  "explore_mean_best_delta_reward_vs_w0": 0.13551345175340268,
  "explore_frac_best_delta_positive": 0.9376,
  "explore_mean_delta_reward_top_anchors": 0.028020536836289148,
  "explore_frac_delta_top_positive": 0.6144,
  "explore_mean_delta_reward_top_anchors_last": 0.03236263132082404,
  "explore_mean_best_delta_top_anchors_last": 0.23223141688366997,
  "rmse": 2.35329048778955,
  "mean_crps": 0.7681143283843994,
  "wall_sec": 17.303100399993127,
  "coverage_90": 0.825,
  "mean_width_90": 1.4531266188070742,
  "coverage_95": 0.8875,
  "mean_width_95": 1.7315071634166483,
  "final_ensemble_samples": 5,
  "final_hyper_steps": 4,
  "final_gate_steps": 6,
  "final_ensemble_cem_sec": 16.56730530000641,
  "final_ensemble_pred_sec": 0.7357950999867171,
  "final_ensemble_total_sec": 17.303100399993127,
  "final_ensemble_mean_n_inliers": 32.1225,
  "final_ensemble_fallback_count": 0,
  "final_ensemble_within_sigma_mean": 0.4386032936412907,
  "final_ensemble_between_sigma_mean": 0.01794506228931175
}