setting,method,N_train,N_test,D,Q_true,Q,n,standardize_x,n_seeds,coverage_90_mean,coverage_90_std,coverage_95_mean,coverage_95_std,mean_crps_mean,mean_crps_std,mean_width_90_mean,mean_width_90_std,mean_width_95_mean,mean_width_95_std,median_capture_ratio_top_Q_truth_mean,median_eff_rank_A_mean,median_subspace_cos_to_truth_mean,pca_explained_variance_sum_mean,rmse_mean,rmse_std,wall_sec_mean,wall_sec_std
smoke,dkl_svgp,120,30,12,2,2,12,True,1,0.9,0.0,1.0,0.0,0.8034118413925171,0.0,3.9911374720397053,0.0,4.7557336253950115,0.0,,,,,1.3544355630874634,0.0,0.3232729000155814,0.0
smoke,jgp_pca,120,30,12,2,2,12,True,1,0.6333333333333333,0.0,0.6666666666666666,0.0,1.1647740602493286,0.0,2.885824147232896,0.0,3.4386715642141215,0.0,,,,0.2528347671031952,1.7540220132640856,0.0,3.7800621000351384,0.0
smoke,lmjgp_baseline,120,30,12,2,2,12,True,1,0.7666666666666667,0.0,0.8333333333333334,0.0,0.8006246089935303,0.0,3.511829727387258,0.0,4.184603221061695,0.0,0.772095263004303,3.095548629760742,0.3114517480134964,,1.388222575187683,0.0,13.237458000017796,0.0
smoke,xgb_bootstrap,120,30,12,2,2,12,True,1,0.6666666666666666,0.0,0.7333333333333333,0.0,0.7291931509971619,0.0,2.357060245920751,0.0,2.808610514455273,0.0,,,,,1.1849832804620557,0.0,0.8541536999982782,0.0
