setting,seed,method,N_train,N_test,D,Q_true,Q,n,standardize_x,jump_amp,noise_std,rmse,mean_crps,wall_sec,coverage_90,mean_width_90,coverage_95,mean_width_95,status,dkl_epochs,median_capture_ratio_top_Q_truth,median_eff_rank_A,median_subspace_cos_to_truth,n_bad_sig2,pca_explained_variance_sum,xgb_boots
smoke,0,xgb_bootstrap,120,30,12,2,2,12,True,1.5,0.1,1.1849832804620557,0.7291931509971619,0.8541536999982782,0.6666666666666666,2.357060245920751,0.7333333333333333,2.808610514455273,ok,,,,,,,2
smoke,0,dkl_svgp,120,30,12,2,2,12,True,1.5,0.1,1.3544355630874634,0.8034118413925171,0.3232729000155814,0.9,3.9911374720397053,1.0,4.7557336253950115,ok,2,,,,,,
smoke,0,jgp_pca,120,30,12,2,2,12,True,1.5,0.1,1.7540220132640856,1.1647740602493286,3.7800621000351384,0.6333333333333333,2.885824147232896,0.6666666666666666,3.4386715642141215,ok,,,,,0,0.2528347671031952,
smoke,0,lmjgp_baseline,120,30,12,2,2,12,True,1.5,0.1,1.388222575187683,0.8006246089935303,13.237458000017796,0.7666666666666667,3.511829727387258,0.8333333333333334,4.184603221061695,ok,,0.772095263004303,3.095548629760742,0.3114517480134964,,,
