setting,method,n_success,seeds,rmse_mean,rmse_std,mean_crps_mean,mean_crps_std,coverage_90_mean,coverage_90_std,mean_width_90_mean,mean_width_90_std,coverage_95_mean,coverage_95_std,mean_width_95_mean,mean_width_95_std,wall_sec_mean,wall_sec_std
l2_q2_train1000,lmjgp_baseline,5,"0,1,2,3,4",2.4170848065754718,0.20699672095866328,1.3196695672514227,0.109655044747926,0.805,0.03259601202601323,6.133859346183356,0.14093075336609112,0.884,0.023822258499143212,7.308944217143077,0.1679293502994384,124.25628023147583,82.66920117641864
l2_q2_train1000,lmjgp_pls_kl,5,"0,1,2,3,4",2.4450523615981106,0.14335319517904344,1.3376108259576736,0.0895983713230022,0.8009999999999999,0.0302902624617219,6.057703723155749,0.13377525578493954,0.877,0.017535677916750196,7.218199195270854,0.15940304904033403,120.90780943999998,69.35441256031172
lh_q5_train1000,lmjgp_baseline,5,"0,1,2,3,4",596.5013490255905,130.43969560329998,259.5277385822438,100.71096283110587,0.626,0.1600546781571848,539.8744394052085,394.1119894328038,0.6769999999999999,0.12452911306196635,643.3000724624223,469.6134005524585,280.85749926567075,44.89702603061617
lh_q5_train1000,lmjgp_pls_kl,5,"0,1,2,3,4",34758.77095825476,76458.51838781478,1.7224922122921815e+18,3.8516096773993165e+18,0.629,0.12069589885327506,2.42473986035431e+19,5.4218831555055845e+19,0.6809999999999999,0.10200490184299967,2.8892557491459613e+19,6.4605722594724495e+19,347.39551319999157,199.86187963153787
