setting,method,n_success,seeds,rmse_mean,rmse_std,mean_crps_mean,mean_crps_std,coverage_90_mean,coverage_90_std,mean_width_90_mean,mean_width_90_std,coverage_95_mean,coverage_95_std,mean_width_95_mean,mean_width_95_std,wall_sec_mean,wall_sec_std
l2_q2_train1000,lmjgp_baseline,5,"0,1,2,3,4",2.4170848065754718,0.2069967209586633,1.3196695672514227,0.10965504474792602,0.805,0.03259601202601322,6.133859346183356,0.14093075336609112,0.884,0.023822258499143212,7.308944217143077,0.16792935029943837,124.25628023147583,82.66920117641864
l2_q2_train1000,lmjgp_pls_kl,5,"0,1,2,3,4",2.4450523615981106,0.14335319517904344,1.3376108259576736,0.0895983713230022,0.8009999999999999,0.0302902624617219,6.057703723155749,0.13377525578493954,0.877,0.017535677916750196,7.218199195270854,0.15940304904033403,120.90780943999998,69.35441256031172
lh_q5_train1000,lmjgp_baseline,5,"0,1,2,3,4",596.5013490255905,130.43969560329998,259.5277385822438,100.71096283110587,0.626,0.1600546781571848,539.8744394052085,394.11198943280385,0.6769999999999999,0.12452911306196635,643.3000724624223,469.6134005524585,280.85749926567075,44.89702603061617
lh_q5_train1000,lmjgp_pls_kl,4,"0,1,2,4",565.536192672568,157.12156107416516,238.78441465579868,111.49601234594883,0.6425,0.13493825748590849,372.8801878908538,232.39766233655686,0.695,0.11210114480533491,444.31414859029485,276.9188946709787,258.5012195749878,24.049774341544165
