{
  "args": {
    "data_dir": "experiments\\synthetic\\high_noise_expansions_seed0\\dmgp_data",
    "out_dir": "experiments\\synthetic\\high_noise_expansions_seed0\\dmgp",
    "settings": "l2_linear_noise3_train1000,l2_nonlinear_noise3_train1000,lh_linear_noise3_train1000,lh_nonlinear_noise3_train1000",
    "seed": 0,
    "seeds": "",
    "Q": 0,
    "m_u": 50,
    "m_v": 25,
    "steps1": 300,
    "steps2": 700,
    "lr": 0.01,
    "initial_noise_var": 0.01,
    "w_samples": 3
  },
  "rows": [
    {
      "setting": "l2_linear_noise3_train1000",
      "seed": 0,
      "method": "deep_mahalanobis_gp",
      "N_train": 1000,
      "N_test": 200,
      "Q": 2,
      "D": 20,
      "rmse": 1.0306819041070434,
      "mean_crps": 0.554517250207119,
      "wall_sec": 168.9491085,
      "coverage_90": 0.745,
      "mean_width_90": 1.8540867081236554,
      "coverage_95": 0.8,
      "mean_width_95": 2.2092805782796887,
      "train_sec": 167.8319545,
      "predict_sec": 1.1171539999999993,
      "m_u": 50,
      "m_v": 25,
      "steps1": 300,
      "steps2": 700,
      "lr": 0.01,
      "y_standardized": true,
      "W_mean_norm_mean": 2.4858356207342855,
      "W_mean_anchor_frob_std": 0.19238546263714615,
      "W_var_mean": 0.008031450335167434
    },
    {
      "setting": "l2_nonlinear_noise3_train1000",
      "seed": 0,
      "method": "deep_mahalanobis_gp",
      "N_train": 1000,
      "N_test": 200,
      "Q": 2,
      "D": 20,
      "rmse": 0.9522019484038998,
      "mean_crps": 0.5273278431048614,
      "wall_sec": 172.02450010000007,
      "coverage_90": 0.7,
      "mean_width_90": 1.8027268380338086,
      "coverage_95": 0.815,
      "mean_width_95": 2.1480815183892825,
      "train_sec": 170.97772750000001,
      "predict_sec": 1.046772600000054,
      "m_u": 50,
      "m_v": 25,
      "steps1": 300,
      "steps2": 700,
      "lr": 0.01,
      "y_standardized": true,
      "W_mean_norm_mean": 2.758989277607842,
      "W_mean_anchor_frob_std": 0.30891739585166783,
      "W_var_mean": 0.011546810150056439
    },
    {
      "setting": "lh_linear_noise3_train1000",
      "seed": 0,
      "method": "deep_mahalanobis_gp",
      "N_train": 1000,
      "N_test": 200,
      "Q": 5,
      "D": 30,
      "rmse": 2.349266098354566,
      "mean_crps": 1.399889946673103,
      "wall_sec": 470.58053330000007,
      "coverage_90": 0.635,
      "mean_width_90": 1.3397547632594335,
      "coverage_95": 0.635,
      "mean_width_95": 1.5964162653008802,
      "train_sec": 468.53698440000005,
      "predict_sec": 2.043548900000019,
      "m_u": 50,
      "m_v": 25,
      "steps1": 300,
      "steps2": 700,
      "lr": 0.01,
      "y_standardized": true,
      "W_mean_norm_mean": 5.7817051198157985e-15,
      "W_mean_anchor_frob_std": 7.423417389859662e-14,
      "W_var_mean": 0.05071761444497709
    },
    {
      "setting": "lh_nonlinear_noise3_train1000",
      "seed": 0,
      "method": "deep_mahalanobis_gp",
      "N_train": 1000,
      "N_test": 200,
      "Q": 5,
      "D": 30,
      "rmse": 2.4055688807989215,
      "mean_crps": 1.4260065042397843,
      "wall_sec": 536.4978184999999,
      "coverage_90": 0.635,
      "mean_width_90": 1.2748272904651072,
      "coverage_95": 0.64,
      "mean_width_95": 1.5190504096411666,
      "train_sec": 534.1264456999999,
      "predict_sec": 2.3713728000000174,
      "m_u": 50,
      "m_v": 25,
      "steps1": 300,
      "steps2": 700,
      "lr": 0.01,
      "y_standardized": true,
      "W_mean_norm_mean": 0.4230749505469945,
      "W_mean_anchor_frob_std": 0.13384879579352085,
      "W_var_mean": 0.002722947018094263
    }
  ],
  "external_repo": "C:\\Users\\yxu59\\files\\spring2026\\park\\external\\DeepMahalanobisGP"
}