setting,method,n_seeds,seeds,rmse_mean,rmse_std,mean_crps_mean,mean_crps_std,coverage_90_mean,coverage_90_std,mean_width_90_mean,mean_width_90_std,coverage_95_mean,coverage_95_std,mean_width_95_mean,mean_width_95_std,wall_sec_mean,wall_sec_std
l2_linear_noise3_train1000,deep_mahalanobis_gp,1,0,1.0306819041070434,0.0,0.554517250207119,0.0,0.745,0.0,1.8540867081236554,0.0,0.8,0.0,2.2092805782796887,0.0,168.9491085,0.0
l2_nonlinear_noise3_train1000,deep_mahalanobis_gp,1,0,0.9522019484038998,0.0,0.5273278431048614,0.0,0.7,0.0,1.8027268380338086,0.0,0.815,0.0,2.1480815183892825,0.0,172.02450010000007,0.0
lh_linear_noise3_train1000,deep_mahalanobis_gp,1,0,2.349266098354566,0.0,1.399889946673103,0.0,0.635,0.0,1.3397547632594335,0.0,0.635,0.0,1.5964162653008802,0.0,470.58053330000007,0.0
lh_nonlinear_noise3_train1000,deep_mahalanobis_gp,1,0,2.4055688807989215,0.0,1.4260065042397843,0.0,0.635,0.0,1.2748272904651072,0.0,0.64,0.0,1.5190504096411666,0.0,536.4978184999999,0.0
