setting,seed,method,N_train,N_test,Q,D,rmse,mean_crps,wall_sec,coverage_90,mean_width_90,coverage_95,mean_width_95,train_sec,predict_sec,m_u,m_v,steps1,steps2,y_standardized,W_mean_norm_mean,W_mean_anchor_frob_std,W_var_mean,lr
l2_linear_noise3_train1000,0,deep_mahalanobis_gp,1000,200,2,20,1.0306819041070434,0.554517250207119,168.9491085,0.745,1.8540867081236554,0.8,2.2092805782796887,167.8319545,1.1171539999999993,50,25,300,700,True,2.4858356207342855,0.19238546263714615,0.008031450335167434,0.01
l2_nonlinear_noise3_train1000,0,deep_mahalanobis_gp,1000,200,2,20,0.9522019484038998,0.5273278431048614,172.02450010000007,0.7,1.8027268380338086,0.815,2.1480815183892825,170.97772750000001,1.046772600000054,50,25,300,700,True,2.758989277607842,0.30891739585166783,0.011546810150056439,0.01
lh_linear_noise3_train1000,0,deep_mahalanobis_gp,1000,200,5,30,2.349266098354566,1.399889946673103,470.58053330000007,0.635,1.3397547632594335,0.635,1.5964162653008802,468.53698440000005,2.043548900000019,50,25,300,700,True,5.7817051198157985e-15,7.423417389859662e-14,0.05071761444497709,0.01
lh_nonlinear_noise3_train1000,0,deep_mahalanobis_gp,1000,200,5,30,2.4055688807989215,1.4260065042397843,536.4978184999999,0.635,1.2748272904651072,0.64,1.5190504096411666,534.1264456999999,2.3713728000000174,50,25,300,700,True,0.4230749505469945,0.13384879579352085,0.002722947018094263,0.01
