{
  "args": {
    "datasets": "Wine Quality",
    "num_exp": 1,
    "seed_start": 0,
    "max_total_train": 120,
    "max_test_anchors": 8,
    "scaling_preset": "uci_empirical",
    "standardize_x": 1,
    "standardize_y": 1,
    "include_full_lmjgp": 1,
    "Q": null,
    "n": 12,
    "m1": 2,
    "m2": 40,
    "n_pls": 5,
    "n_pca": 5,
    "n_random": 0,
    "residual_scale": 1.0,
    "lmjgp_steps": 10,
    "MC_num": 2,
    "lr": 0.01,
    "device": "auto",
    "out_dir": "experiments\\uci\\lowrank_residual_lmjgp_smoke"
  },
  "rows": [
    {
      "dataset": "Wine Quality",
      "seed": 0,
      "method": "lmjgp_full_transductive",
      "rmse": 1.0254483219471242,
      "mean_crps": 0.6512697339057922,
      "wall_sec": 2.7864130999951158,
      "coverage_90": 0.5,
      "mean_width_90": 1.8942459733322285,
      "coverage_95": 0.75,
      "mean_width_95": 2.257133294268938,
      "standardize_x": 1,
      "standardize_y": 0,
      "Q": 3,
      "n": 12,
      "R": NaN,
      "best_elbo": NaN,
      "train_time_sec": 1.7394861000066157,
      "pred_time_sec": 1.0469269999885
    },
    {
      "dataset": "Wine Quality",
      "seed": 0,
      "method": "lmjgp_lowrank_residual_pls_pca",
      "rmse": 0.6731459606125264,
      "mean_crps": 0.38284608721733093,
      "wall_sec": 1.7685890000138897,
      "coverage_90": 0.75,
      "mean_width_90": 1.8821641400062077,
      "coverage_95": 1.0,
      "mean_width_95": 2.242736901910243,
      "standardize_x": 1,
      "standardize_y": 0,
      "Q": 3,
      "n": 12,
      "R": 10,
      "residual_scale": 1.0,
      "best_elbo": -199.90633811543773,
      "train_time_sec": 0.658840300020529,
      "pred_time_sec": 1.1097486999933608,
      "V_Rv": 10
    }
  ]
}