{
  "variant": "rank",
  "reward_advantage": "rank",
  "anchor_weight": "uniform",
  "noise_std": 0.5,
  "explore_reward_spread_mean": 0.04162376584384454,
  "explore_reward_spread_last": 0.04419832259268826,
  "anchor_weight_active_frac_last": 1.0,
  "rmse": 2.1065426177152022,
  "mean_crps": 0.6533081531524658,
  "wall_sec": 6.220202900003642,
  "coverage_90": 0.84,
  "mean_width_90": 1.4383698708417447,
  "coverage_95": 0.92,
  "mean_width_95": 1.7139234136731618,
  "final_ensemble_samples": 5,
  "final_hyper_steps": 4,
  "final_gate_steps": 6,
  "final_ensemble_cem_sec": 5.959489500004565,
  "final_ensemble_pred_sec": 0.2607133999990765,
  "final_ensemble_total_sec": 6.220202900003642,
  "final_ensemble_mean_n_inliers": 32.368,
  "final_ensemble_fallback_count": 0,
  "final_ensemble_within_sigma_mean": 0.43629943538015636,
  "final_ensemble_between_sigma_mean": 0.012803986560192887
}