setting,method,N_train,N_test,D,Q_true,Q,n,standardize_x,n_seeds,coverage_90_mean,coverage_90_std,coverage_95_mean,coverage_95_std,mean_crps_mean,mean_crps_std,mean_width_90_mean,mean_width_90_std,mean_width_95_mean,mean_width_95_std,median_capture_ratio_top_Q_truth_mean,median_eff_rank_A_mean,median_subspace_cos_to_truth_mean,pca_explained_variance_sum_mean,rmse_mean,rmse_std,wall_sec_mean,wall_sec_std
moderate,dkl_svgp,1000,200,50,2,2,25,True,5,0.318,0.025019992006393613,0.37,0.020493901531919212,0.7021889328956604,0.06131039518846365,0.7195154753594913,0.0206281026179366,0.8573555694663799,0.024579900325529053,,,,,1.0657308459281922,0.07915391403994587,3.028639979986474,0.14729798614732464
moderate,jgp_pca,1000,200,50,2,2,25,True,5,0.8800000000000001,0.029832867780352622,0.9359999999999999,0.012409673645990818,0.9179444551467896,0.02739932013961772,4.503151528727438,0.11721534221139118,5.365836004259032,0.13967069495153486,,,,0.05693445652723313,1.5614097658854489,0.05121063170105093,23.6286499600159,0.36712932420649314
moderate,lmjgp_baseline,1000,200,50,2,2,25,True,5,0.9039999999999999,0.027459060435491987,0.953,0.010770329614269018,0.8257285118103027,0.02147058869007336,4.374890699720918,0.060876856361698845,5.213003800006341,0.07253924848138961,0.17301633954048157,33.86024894714355,0.20545438006520272,,1.440592885017395,0.023320367193625638,226.93743199999443,8.517168391669808
moderate,lmjgp_pls_kl,1000,200,50,2,2,25,True,5,0.8800000000000001,0.018165902124584965,0.9359999999999999,0.011575836902790185,0.8244823813438416,0.021133173973774084,4.278401836772822,0.10316960944802836,5.0980302283834416,0.12293417207704205,0.5838638186454773,5.430936622619629,0.21879909336566924,,1.4388321876525878,0.02963509099368939,227.39724923998583,7.594118393868563
moderate,xgb_bootstrap,1000,200,50,2,2,25,True,5,0.48,0.018165902124584958,0.5900000000000001,0.029832867780352594,0.8530417323112488,0.02069272840798492,2.1332096966432905,0.034723307800225534,2.541876133161735,0.041375373223132936,,,,,1.3246275279797817,0.03597830337494274,20.197503620013595,1.0037069430783272
