variant,rmse,mean_crps,wall_sec,coverage_90,mean_width_90,coverage_95,mean_width_95,anchor_weight,anchor_weight_active_frac_last,explore_reward_spread_last,explore_reward_spread_mean,final_ensemble_between_sigma_mean,final_ensemble_cem_sec,final_ensemble_fallback_count,final_ensemble_mean_n_inliers,final_ensemble_pred_sec,final_ensemble_samples,final_ensemble_total_sec,final_ensemble_within_sigma_mean,final_gate_steps,final_hyper_steps,noise_std,reward_advantage
center,2.108714508543958,0.6584686040878296,6.03500079998048,0.84,1.4356703065082723,0.88,1.7107066843661527,uniform,1.0,0.04977913435154875,0.044301847387791915,0.01014609865974672,5.765971399989212,0,32.368,0.2690293999912683,5,6.03500079998048,0.43566946340372625,6,4,0.5,center
rank,2.1065426177152022,0.6533081531524658,6.220202900003642,0.84,1.4383698708417447,0.92,1.7139234136731618,uniform,1.0,0.04419832259268826,0.04162376584384454,0.012803986560192887,5.959489500004565,0,32.368,0.2607133999990765,5,6.220202900003642,0.43629943538015636,6,4,0.5,rank
hard_top30,2.1091900809407904,0.6592158675193787,6.2218442000157665,0.84,1.4349351845705263,0.88,1.7098307325497613,top_fraction,0.30000000000000004,0.035553276264101,0.040740743572156984,0.010698252340115122,5.953359000006458,0,32.368,0.26848520000930876,5,6.2218442000157665,0.4353217606075081,6,4,0.5,center_std
