{
  "_meta": {
    "num_exp": 1,
    "datasets": [
      "Wine Quality"
    ],
    "methods": [
      "xgb_bootstrap",
      "dkl_svgp",
      "pls_only",
      "cem_em_coeff"
    ],
    "max_anchors": 64,
    "cem_em": {
      "n": 35,
      "n_pls": 5,
      "n_pca": 5,
      "n_random": 0,
      "n_outer": 5,
      "n_m_steps": 80,
      "lr": 0.01,
      "lambda_gate": 0.1,
      "lambda_smooth": 0.01,
      "lambda_scale": 0.0,
      "coeff_scale": 1.0,
      "row_normalize_W": true,
      "normalize_smoothness": true,
      "track_best_W": true
    },
    "xgb": {
      "n_boots": 10
    },
    "dkl": {
      "epochs": 30
    },
    "started_at": "20260508_224646"
  },
  "Wine Quality": {
    "0": {
      "K": 3,
      "D": 11,
      "n_test_used": 64,
      "n_test_full": 650,
      "test_indices_used": [
        1,
        3,
        5,
        9,
        13,
        17,
        20,
        24,
        44,
        50,
        55,
        78,
        104,
        108,
        159,
        163,
        168,
        181,
        187,
        240,
        244,
        252,
        264,
        294,
        300,
        301,
        328,
        332,
        336,
        338,
        339,
        363,
        374,
        381,
        387,
        391,
        408,
        410,
        420,
        423,
        439,
        441,
        446,
        449,
        456,
        470,
        484,
        486,
        496,
        499,
        515,
        522,
        524,
        535,
        543,
        545,
        566,
        583,
        598,
        612,
        629,
        638,
        642,
        649
      ],
      "methods": {
        "xgb_bootstrap": [
          0.6973398023393039,
          0.3926815390586853,
          1.9115935000008903,
          0.8125,
          1.691731595348,
          0.890625,
          2.015822529166841
        ],
        "dkl_svgp": [
          0.7102718949317932,
          0.47061872482299805,
          3.1329657999958727,
          0.328125,
          0.6739335685333323,
          0.40625,
          0.8030413774543462
        ],
        "pls_only": [
          0.8478403993023399,
          0.45253342390060425,
          6.109554900001967,
          0.734375,
          1.4806801265319143,
          0.8125,
          1.7643391929076384
        ],
        "cem_em_coeff": [
          0.9269630516231038,
          0.5207302570343018,
          6.758262200004538,
          0.65625,
          1.3231817058662698,
          0.703125,
          1.5766682493850088
        ]
      },
      "diagnostics": {
        "cem_em_coeff": {
          "median_trace_WWT": 3.000000238418579,
          "median_eff_rank_WWT": 2.3714354038238525,
          "median_frob_W": 1.7320507764816284,
          "anchor_dispersion_frob": 1.1425039768218994,
          "cosine_to_ref_median": 0.5669374125215955,
          "best_outer": 4,
          "best_metric_value": 2.804220676422119,
          "train_time_sec": 91.82266700000037,
          "history": [
            {
              "gp_ll_mean": -28.791259765625,
              "gate_bce_mean": 0.16459451615810394,
              "smoothness": 0.0428738109767437,
              "row_norm": 0.0,
              "loss": 28.808147430419922,
              "n_gp": 64,
              "n_gate": 64,
              "n_skip": 0,
              "outer": 1.0,
              "n_cem_success": 64.0
            },
            {
              "gp_ll_mean": -17.07866668701172,
              "gate_bce_mean": 0.28961336612701416,
              "smoothness": 2.0249178409576416,
              "row_norm": 0.0,
              "loss": 17.12787628173828,
              "n_gp": 64,
              "n_gate": 64,
              "n_skip": 0,
              "outer": 2.0,
              "n_cem_success": 64.0
            },
            {
              "gp_ll_mean": -10.362462043762207,
              "gate_bce_mean": 0.4104230999946594,
              "smoothness": 6.2547101974487305,
              "row_norm": 0.0,
              "loss": 10.46605110168457,
              "n_gp": 64,
              "n_gate": 64,
              "n_skip": 0,
              "outer": 3.0,
              "n_cem_success": 64.0
            },
            {
              "gp_ll_mean": -2.6713483333587646,
              "gate_bce_mean": 0.6243359446525574,
              "smoothness": 7.043878555297852,
              "row_norm": 0.0,
              "loss": 2.804220676422119,
              "n_gp": 64,
              "n_gate": 64,
              "n_skip": 0,
              "outer": 4.0,
              "n_cem_success": 64.0
            },
            {
              "gp_ll_mean": -6.459653377532959,
              "gate_bce_mean": 0.5589094161987305,
              "smoothness": 8.71941089630127,
              "row_norm": 0.0,
              "loss": 6.602738380432129,
              "n_gp": 64,
              "n_gate": 64,
              "n_skip": 0,
              "outer": 5.0,
              "n_cem_success": 64.0
            }
          ],
          "Q": 3,
          "Rv": 10,
          "D": 11,
          "n_anchors": 64
        }
      }
    }
  }
}