benchmark,dataset,train_size,method,subset,n_seeds,seeds,source,rmse_mean,rmse_std,mean_crps_mean,mean_crps_std,wall_sec_mean,wall_sec_std,coverage_90_mean,coverage_90_std,mean_width_90_mean,mean_width_90_std,coverage_95_mean,coverage_95_std,mean_width_95_mean,mean_width_95_std
pdebench_burgers,PDEBench Burgers ShockJump,80,dkl_svgp,all,1,0,compare_burgers_train_sizes,1.1734821796417236,0.0,0.561988353729248,0.0,0.3169590999968932,0.0,0.85,0.0,2.246003215263305,0.0,0.85,0.0,2.6762779003235364,0.0
pdebench_burgers,PDEBench Burgers ShockJump,80,dkl_svgp,far_from_threshold,1,0,compare_burgers_train_sizes,0.9874863028526306,0.0,0.442753404378891,0.0,0.3169590999968932,0.0,0.92,0.0,2.225893171369684,0.0,0.92,0.0,2.6523153050426007,0.0
pdebench_burgers,PDEBench Burgers ShockJump,80,dkl_svgp,near_threshold,1,0,compare_burgers_train_sizes,1.4307152032852173,0.0,0.760713517665863,0.0,0.3169590999968932,0.0,0.7333333333333333,0.0,2.279519955086007,0.0,0.7333333333333333,0.0,2.7162155591250956,0.0
pdebench_burgers,PDEBench Burgers ShockJump,80,lmjgp_predict_vi,all,1,0,compare_burgers_train_sizes,0.9950951337814331,0.0,0.4117574095726013,0.0,12.409143799995945,0.0,0.85,0.0,1.3477961814854962,0.0,0.85,0.0,1.6059982061188705,0.0
pdebench_burgers,PDEBench Burgers ShockJump,80,lmjgp_predict_vi,far_from_threshold,1,0,compare_burgers_train_sizes,1.0361634492874146,0.0,0.36871883273124695,0.0,12.409143799995945,0.0,0.92,0.0,0.7015012577675899,0.0,0.92,0.0,0.8358903052560729,0.0
pdebench_burgers,PDEBench Burgers ShockJump,80,lmjgp_predict_vi,near_threshold,1,0,compare_burgers_train_sizes,0.922594428062439,0.0,0.48348844051361084,0.0,12.409143799995945,0.0,0.7333333333333333,0.0,2.4249543876820066,0.0,0.7333333333333333,0.0,2.889511374223534,0.0
pdebench_burgers,PDEBench Burgers ShockJump,80,xgb_bootstrap,all,1,0,compare_burgers_train_sizes,1.0654566847739042,0.0,0.4999471604824066,0.0,0.215893499997037,0.0,0.9,0.0,2.1465301270032047,0.0,0.9,0.0,2.5577484049166346,0.0
pdebench_burgers,PDEBench Burgers ShockJump,80,xgb_bootstrap,far_from_threshold,1,0,compare_burgers_train_sizes,1.0585943455503724,0.0,0.4650520086288452,0.0,0.215893499997037,0.0,0.92,0.0,2.057544780696054,0.0,0.92,0.0,2.451715824840143,0.0
pdebench_burgers,PDEBench Burgers ShockJump,80,xgb_bootstrap,near_threshold,1,0,compare_burgers_train_sizes,1.0767967364486022,0.0,0.5581057667732239,0.0,0.215893499997037,0.0,0.8666666666666667,0.0,2.294839037515122,0.0,0.8666666666666667,0.0,2.7344693717107864,0.0
