benchmark,dataset,train_size,seed,method,subset,n_train,n_test,n_eval,rmse,mean_crps,wall_sec,coverage_90,mean_width_90,coverage_95,mean_width_95
pdebench_burgers,PDEBench Burgers ShockJump,80,0,xgb_bootstrap,all,80,40,40,1.0654566847739042,0.4999471604824066,0.215893499997037,0.9,2.1465301270032047,0.9,2.5577484049166346
pdebench_burgers,PDEBench Burgers ShockJump,80,0,xgb_bootstrap,near_threshold,80,40,15,1.0767967364486022,0.5581057667732239,0.215893499997037,0.8666666666666667,2.294839037515122,0.8666666666666667,2.7344693717107864
pdebench_burgers,PDEBench Burgers ShockJump,80,0,xgb_bootstrap,far_from_threshold,80,40,25,1.0585943455503724,0.4650520086288452,0.215893499997037,0.92,2.057544780696054,0.92,2.451715824840143
pdebench_burgers,PDEBench Burgers ShockJump,80,0,dkl_svgp,all,80,40,40,1.1734821796417236,0.561988353729248,0.3169590999968932,0.85,2.246003215263305,0.85,2.6762779003235364
pdebench_burgers,PDEBench Burgers ShockJump,80,0,dkl_svgp,near_threshold,80,40,15,1.4307152032852173,0.760713517665863,0.3169590999968932,0.7333333333333333,2.279519955086007,0.7333333333333333,2.7162155591250956
pdebench_burgers,PDEBench Burgers ShockJump,80,0,dkl_svgp,far_from_threshold,80,40,25,0.9874863028526306,0.442753404378891,0.3169590999968932,0.92,2.225893171369684,0.92,2.6523153050426007
pdebench_burgers,PDEBench Burgers ShockJump,80,0,lmjgp_predict_vi,all,80,40,40,0.9950951337814331,0.4117574095726013,12.409143799995945,0.85,1.3477961814854962,0.85,1.6059982061188705
pdebench_burgers,PDEBench Burgers ShockJump,80,0,lmjgp_predict_vi,near_threshold,80,40,15,0.922594428062439,0.48348844051361084,12.409143799995945,0.7333333333333333,2.4249543876820066,0.7333333333333333,2.889511374223534
pdebench_burgers,PDEBench Burgers ShockJump,80,0,lmjgp_predict_vi,far_from_threshold,80,40,25,1.0361634492874146,0.36871883273124695,12.409143799995945,0.92,0.7015012577675899,0.92,0.8358903052560729
