{
  "args": {
    "dataset_folder": "data/processed/pdebench_burgers_shockjump_balanced_delta01_n2000",
    "train_sizes": "80",
    "num_exp": 1,
    "seed_start": 0,
    "max_anchors": 40,
    "methods": [
      "xgb_bootstrap",
      "dkl_svgp",
      "lmjgp_predict_vi"
    ],
    "lmjgp_steps": 5,
    "Q": 3,
    "n": 25,
    "n_pls": 3,
    "xgb_boots": 3,
    "dkl_epochs": 3,
    "out_dir": "experiments/pdebench/burgers_train_sizes_smoke_20260517"
  },
  "rows": [
    {
      "benchmark": "pdebench_burgers",
      "dataset": "PDEBench Burgers ShockJump",
      "train_size": 80,
      "seed": 0,
      "method": "xgb_bootstrap",
      "subset": "all",
      "n_train": 80,
      "n_test": 40,
      "n_eval": 40,
      "rmse": 1.0654566847739042,
      "mean_crps": 0.4999471604824066,
      "wall_sec": 0.215893499997037,
      "coverage_90": 0.9,
      "mean_width_90": 2.1465301270032047,
      "coverage_95": 0.9,
      "mean_width_95": 2.5577484049166346
    },
    {
      "benchmark": "pdebench_burgers",
      "dataset": "PDEBench Burgers ShockJump",
      "train_size": 80,
      "seed": 0,
      "method": "xgb_bootstrap",
      "subset": "near_threshold",
      "n_train": 80,
      "n_test": 40,
      "n_eval": 15,
      "rmse": 1.0767967364486022,
      "mean_crps": 0.5581057667732239,
      "wall_sec": 0.215893499997037,
      "coverage_90": 0.8666666666666667,
      "mean_width_90": 2.294839037515122,
      "coverage_95": 0.8666666666666667,
      "mean_width_95": 2.7344693717107864
    },
    {
      "benchmark": "pdebench_burgers",
      "dataset": "PDEBench Burgers ShockJump",
      "train_size": 80,
      "seed": 0,
      "method": "xgb_bootstrap",
      "subset": "far_from_threshold",
      "n_train": 80,
      "n_test": 40,
      "n_eval": 25,
      "rmse": 1.0585943455503724,
      "mean_crps": 0.4650520086288452,
      "wall_sec": 0.215893499997037,
      "coverage_90": 0.92,
      "mean_width_90": 2.057544780696054,
      "coverage_95": 0.92,
      "mean_width_95": 2.451715824840143
    },
    {
      "benchmark": "pdebench_burgers",
      "dataset": "PDEBench Burgers ShockJump",
      "train_size": 80,
      "seed": 0,
      "method": "dkl_svgp",
      "subset": "all",
      "n_train": 80,
      "n_test": 40,
      "n_eval": 40,
      "rmse": 1.1734821796417236,
      "mean_crps": 0.561988353729248,
      "wall_sec": 0.3169590999968932,
      "coverage_90": 0.85,
      "mean_width_90": 2.246003215263305,
      "coverage_95": 0.85,
      "mean_width_95": 2.6762779003235364
    },
    {
      "benchmark": "pdebench_burgers",
      "dataset": "PDEBench Burgers ShockJump",
      "train_size": 80,
      "seed": 0,
      "method": "dkl_svgp",
      "subset": "near_threshold",
      "n_train": 80,
      "n_test": 40,
      "n_eval": 15,
      "rmse": 1.4307152032852173,
      "mean_crps": 0.760713517665863,
      "wall_sec": 0.3169590999968932,
      "coverage_90": 0.7333333333333333,
      "mean_width_90": 2.279519955086007,
      "coverage_95": 0.7333333333333333,
      "mean_width_95": 2.7162155591250956
    },
    {
      "benchmark": "pdebench_burgers",
      "dataset": "PDEBench Burgers ShockJump",
      "train_size": 80,
      "seed": 0,
      "method": "dkl_svgp",
      "subset": "far_from_threshold",
      "n_train": 80,
      "n_test": 40,
      "n_eval": 25,
      "rmse": 0.9874863028526306,
      "mean_crps": 0.442753404378891,
      "wall_sec": 0.3169590999968932,
      "coverage_90": 0.92,
      "mean_width_90": 2.225893171369684,
      "coverage_95": 0.92,
      "mean_width_95": 2.6523153050426007
    },
    {
      "benchmark": "pdebench_burgers",
      "dataset": "PDEBench Burgers ShockJump",
      "train_size": 80,
      "seed": 0,
      "method": "lmjgp_predict_vi",
      "subset": "all",
      "n_train": 80,
      "n_test": 40,
      "n_eval": 40,
      "rmse": 0.9950951337814331,
      "mean_crps": 0.4117574095726013,
      "wall_sec": 12.409143799995945,
      "coverage_90": 0.85,
      "mean_width_90": 1.3477961814854962,
      "coverage_95": 0.85,
      "mean_width_95": 1.6059982061188705
    },
    {
      "benchmark": "pdebench_burgers",
      "dataset": "PDEBench Burgers ShockJump",
      "train_size": 80,
      "seed": 0,
      "method": "lmjgp_predict_vi",
      "subset": "near_threshold",
      "n_train": 80,
      "n_test": 40,
      "n_eval": 15,
      "rmse": 0.922594428062439,
      "mean_crps": 0.48348844051361084,
      "wall_sec": 12.409143799995945,
      "coverage_90": 0.7333333333333333,
      "mean_width_90": 2.4249543876820066,
      "coverage_95": 0.7333333333333333,
      "mean_width_95": 2.889511374223534
    },
    {
      "benchmark": "pdebench_burgers",
      "dataset": "PDEBench Burgers ShockJump",
      "train_size": 80,
      "seed": 0,
      "method": "lmjgp_predict_vi",
      "subset": "far_from_threshold",
      "n_train": 80,
      "n_test": 40,
      "n_eval": 25,
      "rmse": 1.0361634492874146,
      "mean_crps": 0.36871883273124695,
      "wall_sec": 12.409143799995945,
      "coverage_90": 0.92,
      "mean_width_90": 0.7015012577675899,
      "coverage_95": 0.92,
      "mean_width_95": 0.8358903052560729
    }
  ]
}