dataset,train_size,method,n,rmse_mean,rmse_std,crps_mean,crps_std,cov90_mean,cov90_std,width90_mean,width90_std,cov95_mean,cov95_std,width95_mean,width95_std
Wine Quality,80,cem_em_supervised_vi_fullcov_ensemble,1,0.7523450575617818,0.0,0.44878220558166504,0.0,0.75,0.0,1.5099243626217613,0.0,0.8,0.0,1.7991858495051118,0.0
Wine Quality,80,cem_em_transductive_vi_fullcov_ensemble,1,0.7284200702563902,0.0,0.44724541902542114,0.0,0.65,0.0,1.1712289195171657,0.0,0.75,0.0,1.3956053367252792,0.0
Wine Quality,80,lmjgp_lowrank_pls_pca,1,0.7198175365254487,0.0,0.4228721559047699,0.0,0.7,0.0,1.7079201129553596,0.0,0.8,0.0,2.035112337666289,0.0
Wine Quality,80,lmjgp_supervised_reparam,1,0.7009467857306758,0.0,0.3957599997520447,0.0,0.85,0.0,1.5398550801036197,0.0,0.9,0.0,1.8348504991339123,0.0
