dataset,train_size,seed,family,method,rmse,crps,cov90,width90,cov95,width95,wall_sec,mean_crps,coverage_90,mean_width_90,coverage_95,mean_width_95,omitted_eval_points,standardize_x,standardize_y,split_type,Q,n,MC_num,train_time_sec,pred_time_sec,cem_map_train_time_sec,cem_vi_train_time_sec,coeff_gp_lengthscale,mean_coeff_gp_var,laplace_mean_var,laplace_hessian_median,laplace_hessian_failures,vi_query_var_mean,vi_anchor_var_mean,vi_kl,vi_best_loss,has_qV_gradient,best_elbo,R,residual_scale
Wine Quality,80,0,cem_em_repaired,cem_em_transductive_vi_fullcov_ensemble,0.7284200702563902,0.44724541902542114,0.65,1.1712289195171657,0.75,1.3956053367252792,4.698441500018816,0.44724541902542114,0.65,1.1712289195171657,0.75,1.3956053367252792,0,1,0,random_row,3,12,2,1.9276492000208236,2.770792299997993,1.5772343999997247,0.3504148000210989,nan,nan,nan,nan,0,0.0014760852791368961,0.001377881271764636,1198.745361328125,61.786224365234375,,,,
Wine Quality,80,0,cem_em_repaired,cem_em_supervised_vi_fullcov_ensemble,0.7523450575617818,0.44878220558166504,0.75,1.5099243626217613,0.8,1.7991858495051118,6.461404000001494,0.44878220558166504,0.75,1.5099243626217613,0.8,1.7991858495051118,0,1,0,random_row,3,12,2,3.6398305000038818,2.821573499997612,2.589272899989737,1.0505576000141446,nan,nan,nan,nan,0,0.04734627529978752,0.0018953548278659582,1898.3253173828125,81.58118438720703,,,,
Wine Quality,80,0,lmjgp_supervised_reparam,lmjgp_supervised_reparam,0.7009467857306758,0.3957599997520447,0.85,1.5398550801036197,0.9,1.8348504991339123,3.1966028999886476,0.3957599997520447,0.85,1.5398550801036197,0.9,1.8348504991339123,0,1,0,random_row,3,12,2,0.4652697999845259,2.7313331000041217,,,,,,,,,,,,True,,,
Wine Quality,80,0,lmjgp_lowrank_residual,lmjgp_lowrank_pls_pca,0.7198175365254487,0.4228721559047699,0.7,1.7079201129553596,0.8,2.035112337666289,2.9642455999855883,0.4228721559047699,0.7,1.7079201129553596,0.8,2.035112337666289,0,,,random_row,,,,0.48472350000520237,2.479522099980386,,,,,,,,,,,,,-107.98917194501283,10,1.0
