dataset,method,n,rmse_mean,rmse_std,crps_mean,crps_std,cov90_mean,cov90_std,width90_mean,width90_std,cov95_mean,cov95_std,width95_mean,width95_std
Wine Quality,cem_supervised_gp_cond_ensemble,1,0.9154026887327549,0.0,0.6080454587936401,0.0,0.375,0.0,1.752513991931915,0.0,0.5,0.0,2.0882492218807083,0.0
Wine Quality,cem_supervised_gp_cond_ensemble_varx3,1,0.7760289452260413,0.0,0.4580027163028717,0.0,0.75,0.0,1.9918039826024345,0.0,1.0,0.0,2.373380832311221,0.0
Wine Quality,cem_supervised_map_meanC,1,0.8197287513103574,0.0,0.5045163631439209,0.0,0.625,0.0,1.530890349847125,0.0,0.75,0.0,1.8241683641731188,0.0
Wine Quality,lmjgp_isotropic_moment_matched,1,0.8899455423601997,0.0,0.563957929611206,0.0,0.75,0.0,2.026622961200315,0.0,0.75,0.0,2.4148702043210566,0.0
Wine Quality,lmjgp_learned_qW,1,0.8301686823554761,0.0,0.5030536651611328,0.0,0.75,0.0,2.039201612606107,0.0,0.75,0.0,2.429858591935296,0.0
Wine Quality,lmjgp_permuted_features,1,0.7396357795949821,0.0,0.443269819021225,0.0,0.625,0.0,1.9687348185366855,0.0,0.875,0.0,2.34589222786554,0.0
Wine Quality,lmjgp_prior_unit_rows,1,0.7098163903903605,0.0,0.3799586892127991,0.0,1.0,0.0,2.1617043399148006,0.0,1.0,0.0,2.575829594825059,0.0
Wine Quality,lmjgp_zero_mean_learned_sigma,1,0.946273667280386,0.0,0.5967403650283813,0.0,0.625,0.0,2.0355829689233502,0.0,0.875,0.0,2.4255467120361525,0.0
