dataset,seed,method,rmse,mean_crps,wall_sec,coverage_90,mean_width_90,coverage_95,mean_width_95
Parkinsons Telemonitoring,0,xgboost,7.828203536336295,5.262631416320801,7.303434599991306,0.43,10.526721548463398,0.495,12.543362383258842
Parkinsons Telemonitoring,0,lmjgp_supervised,9.06271427962488,5.707363128662109,91.85516579999239,0.675,21.714119235848738,0.775,25.873968942239216
Parkinsons Telemonitoring,0,lmjgp_residual_ridge,8.709586627879645,5.445428848266602,231.41645750000316,0.68,21.199504491074332,0.77,25.260767652383123
Parkinsons Telemonitoring,0,cem_em_supervised,9.543084253188026,6.339449882507324,109.69682029999967,0.57,17.95803660906972,0.655,21.39832044025815
