{
  "preset": "dataset_b",
  "description": "Graph-local hard-jump latent synthetic, D=30, q=3.",
  "n_samples": 6000,
  "n_nodes": 300,
  "n_time": 20,
  "observed_dimension": 30,
  "latent_dimension": 3,
  "n_blocks": 8,
  "y_mean": 0.769862128610816,
  "y_std": 0.955305427477163,
  "y_min": -2.80894384958148,
  "y_p05": -0.7194586673164908,
  "y_p50": 0.7188475903168992,
  "y_p95": 2.4076710893344733,
  "y_max": 4.44027185580781,
  "degree_min": 3,
  "degree_mean": 9.5,
  "degree_p50": 9.0,
  "degree_max": 17,
  "jump_proportion": 0.32,
  "signal_variance": 0.9030829154751309,
  "noise_variance_empirical": 0.010146758277808334,
  "signal_to_noise_variance_ratio": 89.00211188141103,
  "block_0_jump_proportion": 0.31973684210526315,
  "block_0_sample_count": 760,
  "block_1_jump_proportion": 0.3202702702702703,
  "block_1_sample_count": 740,
  "block_2_jump_proportion": 0.31973684210526315,
  "block_2_sample_count": 760,
  "block_3_jump_proportion": 0.3202702702702703,
  "block_3_sample_count": 740,
  "block_4_jump_proportion": 0.31973684210526315,
  "block_4_sample_count": 760,
  "block_5_jump_proportion": 0.3202702702702703,
  "block_5_sample_count": 740,
  "block_6_jump_proportion": 0.31973684210526315,
  "block_6_sample_count": 760,
  "block_7_jump_proportion": 0.3202702702702703,
  "block_7_sample_count": 740,
  "feature_graph_distance_corr": 0.0045862665424022805,
  "sampled_pair_count": 10000,
  "sampled_pair_finite_graph_fraction": 1.0,
  "sampled_feature_distance_mean": 7.3502884594256335,
  "sampled_graph_hop_mean": 2.978,
  "feature_graph_knn_overlap_at_k": 0.0345,
  "feature_graph_knn_overlap_std_at_k": 0.05709422037299397,
  "knn_k": 10,
  "knn_anchor_count": 1000,
  "random_overlap_reference": 0.033444816053511704,
  "random_split_train": 4239,
  "random_split_test": 1761,
  "future_split_train": 4200,
  "future_split_test": 1800,
  "heldout_region_split_train": 4500,
  "heldout_region_split_test": 1500,
  "heldout_region_ids": [
    6,
    7
  ]
}