{
  "dataset_folder": "data\\processed\\pdebench_burgers_shockjump",
  "result_row": [
    "rmse",
    "mean_crps",
    "wall_sec",
    "coverage_90",
    "width_90",
    "coverage_95",
    "width_95"
  ],
  "runs": {
    "0": {
      "seed": 0,
      "n_train": 1600,
      "n_test": 400,
      "split_counts": {
        "all": 400,
        "near_threshold": 6,
        "far_from_threshold": 394
      },
      "metrics": {
        "lmjgp_predict_vi": {
          "all": [
            0.7289272546768188,
            0.22323450446128845,
            1274.0774746999996,
            0.855,
            0.9793824039205518,
            0.895,
            1.1670061136893937
          ],
          "n_all": 400,
          "near_threshold": [
            1.3668944835662842,
            0.6753175854682922,
            1274.0774746999996,
            0.8333333333333334,
            3.4878921537089393,
            0.8333333333333334,
            4.156079842739131
          ],
          "n_near_threshold": 6,
          "far_from_threshold": [
            0.7148241400718689,
            0.21634997427463531,
            1274.0774746999996,
            0.8553299492385786,
            0.9411817478324037,
            0.8959390862944162,
            1.1214872244145244
          ],
          "n_far_from_threshold": 394
        },
        "cemem_pls_only": {
          "all": [
            0.8985119158827275,
            0.28630322217941284,
            53.011580700000195,
            0.68,
            0.5526607462559313,
            0.7375,
            0.6585358968008722
          ],
          "n_all": 400,
          "near_threshold": [
            2.1336948568885483,
            1.304887294769287,
            53.011580700000195,
            0.3333333333333333,
            0.47467021748718796,
            0.3333333333333333,
            0.5656044498822331
          ],
          "n_near_threshold": 6,
          "far_from_threshold": [
            0.8661917683409864,
            0.27079182863235474,
            53.011580700000195,
            0.6852791878172588,
            0.5538484192828665,
            0.7436548223350253,
            0.6599510965001408
          ],
          "n_far_from_threshold": 394
        },
        "cemem_coeff": {
          "all": [
            0.8714611359341055,
            0.28688186407089233,
            626.2007176999978,
            0.5525,
            0.5008012713830055,
            0.61,
            0.5967415210931222
          ],
          "n_all": 400,
          "near_threshold": [
            2.0905632329547137,
            1.3640018701553345,
            626.2007176999978,
            0.0,
            0.11173106404524258,
            0.0,
            0.13313577445117794
          ],
          "n_near_threshold": 6,
          "far_from_threshold": [
            0.8393178835358973,
            0.2704789936542511,
            626.2007176999978,
            0.5609137055837563,
            0.5067261983983014,
            0.6192893401015228,
            0.6038015070825934
          ],
          "n_far_from_threshold": 394
        }
      },
      "near_threshold_delta": 0.05,
      "diagnostics": {
        "cemem_coeff": {
          "V_basis": {
            "n_pls": 5,
            "n_pca": 5,
            "n_random": 0,
            "Rv": 10,
            "source_per_column": [
              "pls",
              "pls",
              "pls",
              "pls",
              "pls",
              "pca",
              "pca",
              "pca",
              "pca",
              "pca"
            ],
            "V_tilde_frob": 3.1622776609321686
          },
          "W": {
            "median_trace_WWT": 5.000000953674316,
            "median_eff_rank_WWT": 3.8382062911987305,
            "median_frob_W": 2.2360680103302,
            "anchor_dispersion_frob": 0.9879933595657349,
            "cosine_to_ref_median": 0.3642650258864456
          },
          "best_outer": 5,
          "best_metric_value": -18.168018341064453,
          "train_time_sec": 573.075818199999,
          "history": [
            {
              "gp_ll_mean": 16.49370765686035,
              "gate_bce_mean": 0.3335193693637848,
              "smoothness": 1.9860352277755737,
              "row_norm": 0.0,
              "loss": -16.440494537353516,
              "n_gp": 392,
              "n_gate": 400,
              "n_skip": 0,
              "outer": 1.0,
              "n_cem_success": 400.0
            },
            {
              "gp_ll_mean": 17.23530387878418,
              "gate_bce_mean": 0.36914339661598206,
              "smoothness": 4.741055965423584,
              "row_norm": 0.0,
              "loss": -17.150978088378906,
              "n_gp": 395,
              "n_gate": 400,
              "n_skip": 0,
              "outer": 2.0,
              "n_cem_success": 400.0
            },
            {
              "gp_ll_mean": 16.80174446105957,
              "gate_bce_mean": 0.3887348473072052,
              "smoothness": 6.2458271980285645,
              "row_norm": 0.0,
              "loss": -16.70041275024414,
              "n_gp": 397,
              "n_gate": 400,
              "n_skip": 0,
              "outer": 3.0,
              "n_cem_success": 400.0
            },
            {
              "gp_ll_mean": 17.783971786499023,
              "gate_bce_mean": 0.41728976368904114,
              "smoothness": 8.047715187072754,
              "row_norm": 0.0,
              "loss": -17.661766052246094,
              "n_gp": 394,
              "n_gate": 400,
              "n_skip": 0,
              "outer": 4.0,
              "n_cem_success": 400.0
            },
            {
              "gp_ll_mean": 18.303390502929688,
              "gate_bce_mean": 0.4014005959033966,
              "smoothness": 9.523143768310547,
              "row_norm": 0.0,
              "loss": -18.168018341064453,
              "n_gp": 393,
              "n_gate": 400,
              "n_skip": 0,
              "outer": 5.0,
              "n_cem_success": 400.0
            }
          ],
          "Q": 5,
          "Rv": 10,
          "D": 201,
          "n_neighbors": 25,
          "cem_em_defaults_source": "experiments/uci/compare_3way_10seeds.py"
        }
      }
    }
  }
}