{
  "dataset_folder": "data\\processed\\pdebench_burgers_shockjump",
  "result_row": [
    "rmse",
    "mean_crps",
    "wall_sec",
    "coverage_90",
    "width_90",
    "coverage_95",
    "width_95"
  ],
  "runs": {
    "0": {
      "seed": 0,
      "n_train": 1600,
      "n_test": 400,
      "split_counts": {
        "all": 400,
        "near_threshold": 6,
        "far_from_threshold": 394
      },
      "metrics": {
        "lmjgp_predict_vi": {
          "all": [
            0.717239260673523,
            0.21351288259029388,
            1036.9483374999982,
            0.86,
            0.943686568086962,
            0.9025,
            1.1244719018388492
          ],
          "n_all": 400,
          "near_threshold": [
            1.570350170135498,
            0.7930154800415039,
            1036.9483374999982,
            0.8333333333333334,
            3.568991713922634,
            0.8333333333333334,
            4.25271592912177
          ],
          "n_near_threshold": 6,
          "far_from_threshold": [
            0.6962132453918457,
            0.20468798279762268,
            1036.9483374999982,
            0.8604060913705583,
            0.9037073019067233,
            0.9035532994923858,
            1.076833667920835
          ],
          "n_far_from_threshold": 394
        },
        "cemem_pls_only": {
          "all": [
            0.7660760209003242,
            0.24577482044696808,
            89.71507669999846,
            0.7375,
            0.6561223037859003,
            0.7825,
            0.7818179464741837
          ],
          "n_all": 400,
          "near_threshold": [
            0.46058146874628475,
            0.31699374318122864,
            89.71507669999846,
            0.8333333333333334,
            2.123922398101196,
            0.8333333333333334,
            2.5308096343815896
          ],
          "n_near_threshold": 6,
          "far_from_threshold": [
            0.7697916129503605,
            0.24469026923179626,
            89.71507669999846,
            0.7360406091370558,
            0.6337700180856675,
            0.7817258883248731,
            0.7551835552877766
          ],
          "n_far_from_threshold": 394
        },
        "cemem_coeff": {
          "all": [
            0.8306225272013016,
            0.26291659474372864,
            1311.440370000004,
            0.61,
            0.4818947954355013,
            0.685,
            0.5742130654758526
          ],
          "n_all": 400,
          "near_threshold": [
            0.3357202561343208,
            0.21619373559951782,
            1311.440370000004,
            0.8333333333333334,
            1.944865271237868,
            0.8333333333333334,
            2.3174499079737303
          ],
          "n_near_threshold": 6,
          "far_from_threshold": [
            0.835897135814896,
            0.26362812519073486,
            1311.440370000004,
            0.6065989847715736,
            0.45961605722531296,
            0.682741116751269,
            0.5476663115291843
          ],
          "n_far_from_threshold": 394
        }
      },
      "near_threshold_delta": 0.05,
      "diagnostics": {
        "cemem_coeff": {
          "V_basis": {
            "n_pls": 5,
            "n_pca": 5,
            "n_random": 0,
            "Rv": 10,
            "source_per_column": [
              "pls",
              "pls",
              "pls",
              "pls",
              "pls",
              "pca",
              "pca",
              "pca",
              "pca",
              "pca"
            ],
            "V_tilde_frob": 3.1622776609321686
          },
          "W": {
            "median_trace_WWT": 3.0,
            "median_eff_rank_WWT": 2.717973232269287,
            "median_frob_W": 1.7320507764816284,
            "anchor_dispersion_frob": 0.7608851790428162,
            "cosine_to_ref_median": 0.43993611722861875
          },
          "best_outer": 4,
          "best_metric_value": -17.59191131591797,
          "train_time_sec": 1213.947202299998,
          "history": [
            {
              "gp_ll_mean": 14.482675552368164,
              "gate_bce_mean": 0.32688087224960327,
              "smoothness": 1.710699439048767,
              "row_norm": 0.0,
              "loss": -14.432880401611328,
              "n_gp": 393,
              "n_gate": 400,
              "n_skip": 0,
              "outer": 1.0,
              "n_cem_success": 400.0
            },
            {
              "gp_ll_mean": 12.016450881958008,
              "gate_bce_mean": 0.4018239378929138,
              "smoothness": 2.894232749938965,
              "row_norm": 0.0,
              "loss": -11.94732666015625,
              "n_gp": 398,
              "n_gate": 400,
              "n_skip": 0,
              "outer": 2.0,
              "n_cem_success": 400.0
            },
            {
              "gp_ll_mean": 15.626065254211426,
              "gate_bce_mean": 0.3909529149532318,
              "smoothness": 4.983346939086914,
              "row_norm": 0.0,
              "loss": -15.537137031555176,
              "n_gp": 395,
              "n_gate": 400,
              "n_skip": 0,
              "outer": 3.0,
              "n_cem_success": 400.0
            },
            {
              "gp_ll_mean": 17.691354751586914,
              "gate_bce_mean": 0.38747638463974,
              "smoothness": 6.069564342498779,
              "row_norm": 0.0,
              "loss": -17.59191131591797,
              "n_gp": 396,
              "n_gate": 400,
              "n_skip": 0,
              "outer": 4.0,
              "n_cem_success": 400.0
            },
            {
              "gp_ll_mean": 14.435789108276367,
              "gate_bce_mean": 0.5976257920265198,
              "smoothness": 7.5774030685424805,
              "row_norm": 0.0,
              "loss": -14.300251960754395,
              "n_gp": 395,
              "n_gate": 400,
              "n_skip": 0,
              "outer": 5.0,
              "n_cem_success": 400.0
            }
          ],
          "Q": 3,
          "Rv": 10,
          "D": 201,
          "n_neighbors": 25,
          "cem_em_defaults_source": "experiments/uci/compare_3way_10seeds.py"
        }
      }
    }
  }
}