{
  "dataset_folder": "data\\processed\\pdebench_burgers_shockjump",
  "result_row": [
    "rmse",
    "mean_crps",
    "wall_sec",
    "coverage_90",
    "width_90",
    "coverage_95",
    "width_95"
  ],
  "runs": {
    "0": {
      "seed": 0,
      "n_train": 1600,
      "n_test": 400,
      "split_counts": {
        "all": 400,
        "near_threshold": 6,
        "far_from_threshold": 394
      },
      "metrics": {
        "lmjgp_predict_vi": {
          "all": [
            0.7701722979545593,
            0.2361612319946289,
            880.462339499998,
            0.8475,
            0.9645705928986491,
            0.9125,
            1.1493567522671575
          ],
          "n_all": 400,
          "near_threshold": [
            1.3742307424545288,
            0.7434583306312561,
            880.462339499998,
            0.6666666666666666,
            3.386415058687659,
            0.6666666666666666,
            4.035162425992403
          ],
          "n_near_threshold": 6,
          "far_from_threshold": [
            0.7572577595710754,
            0.22843588888645172,
            880.462339499998,
            0.850253807106599,
            0.9276897127089688,
            0.916243654822335,
            1.1054104729718492
          ],
          "n_far_from_threshold": 394
        },
        "cemem_pls_only": {
          "all": [
            0.8288885894801006,
            0.27441179752349854,
            138.17865270000038,
            0.6875,
            0.6156668790709751,
            0.755,
            0.733612334666961
          ],
          "n_all": 400,
          "near_threshold": [
            2.272197420828552,
            1.542885661125183,
            138.17865270000038,
            0.3333333333333333,
            1.3099675461003548,
            0.3333333333333333,
            1.5609226068531852
          ],
          "n_near_threshold": 6,
          "far_from_threshold": [
            0.7866997679260076,
            0.2550949454307556,
            138.17865270000038,
            0.6928934010152284,
            0.6050937724664667,
            0.7614213197969543,
            0.7210137010803684
          ],
          "n_far_from_threshold": 394
        },
        "cemem_coeff": {
          "all": [
            0.8533935671962759,
            0.28697502613067627,
            1446.948279799999,
            0.555,
            0.5977365542934523,
            0.6125,
            0.7122470349106638
          ],
          "n_all": 400,
          "near_threshold": [
            1.3842181217821168,
            0.7536861300468445,
            1446.948279799999,
            0.3333333333333333,
            1.288077619724701,
            0.3333333333333333,
            1.534839150782975
          ],
          "n_near_threshold": 6,
          "far_from_threshold": [
            0.8427292400182038,
            0.2798677384853363,
            1446.948279799999,
            0.5583756345177665,
            0.5872237461904383,
            0.616751269035533,
            0.6997202514202224
          ],
          "n_far_from_threshold": 394
        }
      },
      "near_threshold_delta": 0.05,
      "diagnostics": {
        "cemem_coeff": {
          "V_basis": {
            "n_pls": 5,
            "n_pca": 5,
            "n_random": 0,
            "Rv": 10,
            "source_per_column": [
              "pls",
              "pls",
              "pls",
              "pls",
              "pls",
              "pca",
              "pca",
              "pca",
              "pca",
              "pca"
            ],
            "V_tilde_frob": 3.1622776609321686
          },
          "W": {
            "median_trace_WWT": 5.000000953674316,
            "median_eff_rank_WWT": 3.6619956493377686,
            "median_frob_W": 2.2360680103302,
            "anchor_dispersion_frob": 1.0309066772460938,
            "cosine_to_ref_median": 0.3707061539512411
          },
          "best_outer": 5,
          "best_metric_value": -22.409576416015625,
          "train_time_sec": 1388.4978427999995,
          "history": [
            {
              "gp_ll_mean": 21.06866455078125,
              "gate_bce_mean": 0.3612253963947296,
              "smoothness": 2.3678321838378906,
              "row_norm": 0.0,
              "loss": -21.00886344909668,
              "n_gp": 395,
              "n_gate": 400,
              "n_skip": 0,
              "outer": 1.0,
              "n_cem_success": 400.0
            },
            {
              "gp_ll_mean": 9.294054985046387,
              "gate_bce_mean": 0.9222956895828247,
              "smoothness": 4.330565929412842,
              "row_norm": 0.0,
              "loss": -9.158519744873047,
              "n_gp": 395,
              "n_gate": 400,
              "n_skip": 0,
              "outer": 2.0,
              "n_cem_success": 400.0
            },
            {
              "gp_ll_mean": 15.364251136779785,
              "gate_bce_mean": 0.49300482869148254,
              "smoothness": 6.660035610198975,
              "row_norm": 0.0,
              "loss": -15.248350143432617,
              "n_gp": 398,
              "n_gate": 400,
              "n_skip": 0,
              "outer": 3.0,
              "n_cem_success": 400.0
            },
            {
              "gp_ll_mean": 18.766883850097656,
              "gate_bce_mean": 0.43757909536361694,
              "smoothness": 9.054984092712402,
              "row_norm": 0.0,
              "loss": -18.63257598876953,
              "n_gp": 398,
              "n_gate": 400,
              "n_skip": 0,
              "outer": 4.0,
              "n_cem_success": 400.0
            },
            {
              "gp_ll_mean": 22.56829261779785,
              "gate_bce_mean": 0.4318237900733948,
              "smoothness": 11.553374290466309,
              "row_norm": 0.0,
              "loss": -22.409576416015625,
              "n_gp": 397,
              "n_gate": 400,
              "n_skip": 0,
              "outer": 5.0,
              "n_cem_success": 400.0
            }
          ],
          "Q": 5,
          "Rv": 10,
          "D": 201,
          "n_neighbors": 35,
          "cem_em_defaults_source": "experiments/uci/compare_3way_10seeds.py"
        }
      }
    }
  }
}