{
  "dataset_folder": "data\\processed\\pdebench_burgers_shockjump_balanced_delta01_n2000",
  "result_row": [
    "rmse",
    "mean_crps",
    "wall_sec",
    "coverage_90",
    "width_90",
    "coverage_95",
    "width_95"
  ],
  "runs": {
    "0": {
      "seed": 0,
      "n_train": 1600,
      "n_test": 400,
      "split_counts": {
        "all": 400,
        "near_threshold": 106,
        "far_from_threshold": 294
      },
      "metrics": {
        "xgb_bootstrap": {
          "all": [
            0.6913592320626083,
            0.30508872866630554,
            2.05155399999785,
            0.925,
            1.8231122821392955,
            0.935,
            2.1723722732631128
          ],
          "n_all": 400,
          "near_threshold": [
            0.8142461929251419,
            0.38893717527389526,
            2.05155399999785,
            0.8490566037735849,
            1.8787887739494482,
            0.8867924528301887,
            2.238714905182091
          ],
          "n_near_threshold": 106,
          "far_from_threshold": [
            0.6413033276225615,
            0.27485769987106323,
            2.05155399999785,
            0.9523809523809523,
            1.8030384449560437,
            0.9523809523809523,
            2.1484528209385827
          ],
          "n_far_from_threshold": 294
        },
        "dkl_svgp": {
          "all": [
            0.7461628913879395,
            0.33635056018829346,
            1.0217429000040283,
            0.7025,
            0.7887832722298904,
            0.765,
            0.9398932402535592
          ],
          "n_all": 400,
          "near_threshold": [
            0.9581416249275208,
            0.5533839464187622,
            1.0217429000040283,
            0.44339622641509435,
            0.8835711032658011,
            0.5754716981132075,
            1.052839907336255
          ],
          "n_near_threshold": 106,
          "far_from_threshold": [
            0.653071939945221,
            0.2581004202365875,
            1.0217429000040283,
            0.7959183673469388,
            0.7546080678427933,
            0.8333333333333334,
            0.899170972529866
          ],
          "n_far_from_threshold": 294
        },
        "lmjgp_predict_vi": {
          "all": [
            0.7089941501617432,
            0.23915039002895355,
            735.6732106000054,
            0.835,
            0.9653722941198101,
            0.8925,
            1.150312038192963
          ],
          "n_all": 400,
          "near_threshold": [
            0.8876445889472961,
            0.3841632008552551,
            735.6732106000054,
            0.8018867924528302,
            1.6797743216495802,
            0.8584905660377359,
            2.0015745587589047
          ],
          "n_near_threshold": 106,
          "far_from_threshold": [
            0.632321834564209,
            0.18686683475971222,
            735.6732106000054,
            0.8469387755102041,
            0.7077987739900288,
            0.9047619047619048,
            0.8433942586691879
          ],
          "n_far_from_threshold": 294
        }
      },
      "near_threshold_delta": 0.1
    }
  }
}