method,subset,n,rmse_mean,rmse_std,mean_crps_mean,mean_crps_std,wall_sec_mean,wall_sec_std,coverage_90_mean,coverage_90_std,width_90_mean,width_90_std,coverage_95_mean,coverage_95_std,width_95_mean,width_95_std
jgp_pca,all,5,1.0249600477858958,0.0,0.40371501445770264,0.0,29.680887920001986,1.730526267548591,0.7075,0.0,0.7578877985190254,0.0,0.7525,0.0,0.9030790126734256,1.1102230246251565e-16
jgp_pca,near_threshold,5,1.4213907848308747,0.0,0.8126705288887024,0.0,29.680887920001986,1.730526267548591,0.5943396226415094,0.0,1.49872218376672,0.0,0.6320754716981132,0.0,1.7858376300985312,0.0
jgp_pca,far_from_threshold,5,0.8371882665310594,0.0,0.2562684714794159,0.0,29.680887920001986,1.730526267548591,0.7482993197278912,0.0,0.49078424465421044,5.551115123125783e-17,0.7959183673469388,0.0,0.584805497547367,0.0
lmjgp_predict_vi,all,5,0.713646411895752,0.004695710582299226,0.23983250856399535,0.0034378331985065675,404.78235994000426,165.7683744152289,0.8314999999999999,0.0029999999999999875,0.9595018359923356,0.008791428425923335,0.8949999999999999,0.005700877125495695,1.143316955886506,0.010475633092901157
lmjgp_predict_vi,near_threshold,5,0.8773126006126404,0.022608772572230682,0.37665098905563354,0.016427025535914686,404.78235994000426,165.7683744152289,0.7981132075471699,0.004621678759968259,1.6130582397200484,0.047004562506098864,0.8754716981132076,0.011001796028009998,1.9220774438612984,0.0560093908123371
lmjgp_predict_vi,far_from_threshold,5,0.6443578243255615,0.007690113467381892,0.19050340354442596,0.0031461066290245743,404.78235994000426,165.7683744152289,0.8435374149659864,0.0030422693571425744,0.7238658536959495,0.01516990720863063,0.9020408163265307,0.006937441515092232,0.8625393649840296,0.018076059346895122
