{
  "dataset_folder": "data\\processed\\pdebench_burgers_shockjump",
  "result_row": [
    "rmse",
    "mean_crps",
    "wall_sec",
    "coverage_90",
    "width_90",
    "coverage_95",
    "width_95"
  ],
  "runs": {
    "0": {
      "seed": 0,
      "n_train": 1600,
      "n_test": 400,
      "split_counts": {
        "all": 400,
        "near_threshold": 6,
        "far_from_threshold": 394
      },
      "metrics": {
        "xgb_bootstrap": {
          "all": [
            0.7248016577266082,
            0.30635321140289307,
            3.502686100000574,
            0.9475,
            2.0529654258308376,
            0.9525,
            2.446259186959916
          ],
          "n_all": 400,
          "near_threshold": [
            1.0902020695287307,
            0.6385377049446106,
            3.502686100000574,
            0.6666666666666666,
            2.729941546348756,
            1.0,
            3.252925988715349
          ],
          "n_near_threshold": 6,
          "far_from_threshold": [
            0.7178007406702573,
            0.3012945353984833,
            3.502686100000574,
            0.9517766497461929,
            2.042656144807722,
            0.9517766497461929,
            2.4339749209433355
          ],
          "n_far_from_threshold": 394
        },
        "dkl_svgp": {
          "all": [
            0.8778305649757385,
            0.36912399530410767,
            1.020813299997826,
            0.83,
            1.4416995164888078,
            0.855,
            1.7178909311729529
          ],
          "n_all": 400,
          "near_threshold": [
            1.50783371925354,
            0.9895628094673157,
            1.020813299997826,
            0.5,
            1.1137106319432615,
            0.5,
            1.3270680697915596
          ],
          "n_near_threshold": 6,
          "far_from_threshold": [
            0.8646956086158752,
            0.35967567563056946,
            1.020813299997826,
            0.8350253807106599,
            1.4466942710757957,
            0.8604060913705583,
            1.72384254835135
          ],
          "n_far_from_threshold": 394
        },
        "lmjgp_predict_vi": {
          "all": [
            0.7138023376464844,
            0.21487422287464142,
            276.566029900001,
            0.86,
            1.0210237398725082,
            0.91,
            1.2166248258937322
          ],
          "n_all": 400,
          "near_threshold": [
            1.3843008279800415,
            0.7688686847686768,
            276.566029900001,
            0.6666666666666666,
            3.730729077975147,
            0.6666666666666666,
            4.445437885229734
          ],
          "n_near_threshold": 6,
          "far_from_threshold": [
            0.6986349821090698,
            0.20643778145313263,
            276.566029900001,
            0.8629441624365483,
            0.979759191576529,
            0.9137055837563451,
            1.167455083873387
          ],
          "n_far_from_threshold": 394
        },
        "cemem_pls_only": {
          "all": [
            0.8790154443754407,
            0.2704048752784729,
            56.36392280000291,
            0.765,
            0.6818251112880034,
            0.825,
            0.812444730633121
          ],
          "n_all": 400,
          "near_threshold": [
            1.1411816600230456,
            0.8246440887451172,
            56.36392280000291,
            0.3333333333333333,
            2.203216294057144,
            0.3333333333333333,
            2.6252941390943665
          ],
          "n_near_threshold": 6,
          "far_from_threshold": [
            0.8744156672428481,
            0.26196470856666565,
            56.36392280000291,
            0.7715736040609137,
            0.6586567176417729,
            0.8324873096446701,
            0.7848378868494473
          ],
          "n_far_from_threshold": 394
        },
        "cemem_coeff": {
          "all": [
            0.8596704766690384,
            0.26721400022506714,
            136.85364199999458,
            0.78,
            0.6946389572488296,
            0.825,
            0.8277133698452376
          ],
          "n_all": 400,
          "near_threshold": [
            1.565905393241495,
            0.9796628952026367,
            136.85364199999458,
            0.6666666666666666,
            3.0783019910034013,
            0.6666666666666666,
            3.668023061168475
          ],
          "n_near_threshold": 6,
          "far_from_threshold": [
            0.8443616715804559,
            0.25636452436447144,
            136.85364199999458,
            0.7817258883248731,
            0.6583395201865772,
            0.8274111675126904,
            0.7844599227692491
          ],
          "n_far_from_threshold": 394
        }
      },
      "near_threshold_delta": 0.05,
      "diagnostics": {
        "cemem_coeff": {
          "V_basis": {
            "n_pls": 2,
            "n_pca": 4,
            "n_random": 0,
            "Rv": 6,
            "source_per_column": [
              "pls",
              "pls",
              "pca",
              "pca",
              "pca",
              "pca"
            ],
            "V_tilde_frob": 2.4494897432873013
          },
          "W": {
            "median_trace_WWT": 2.0,
            "median_eff_rank_WWT": 1.8508113622665405,
            "median_frob_W": 1.4142135381698608,
            "anchor_dispersion_frob": 0.14387942850589752,
            "cosine_to_ref_median": 0.5385411268030355
          }
        }
      }
    }
  }
}