{
  "dataset_folder": "data\\processed\\pdebench_burgers_shockjump_near100_n2000",
  "result_row": [
    "rmse",
    "mean_crps",
    "wall_sec",
    "coverage_90",
    "width_90",
    "coverage_95",
    "width_95"
  ],
  "runs": {
    "0": {
      "seed": 0,
      "n_train": 1600,
      "n_test": 400,
      "split_counts": {
        "all": 400,
        "near_threshold": 103,
        "far_from_threshold": 297
      },
      "metrics": {
        "xgb_bootstrap": {
          "all": [
            1.0863985381548478,
            0.479243665933609,
            3.9517660999990767,
            0.875,
            2.003751234324915,
            0.885,
            2.387616860798263
          ],
          "n_all": 400,
          "near_threshold": [
            1.6990227032286855,
            0.9819831252098083,
            3.9517660999990767,
            0.6796116504854369,
            2.313884875497734,
            0.6893203883495146,
            2.757163887435259
          ],
          "n_near_threshold": 103,
          "far_from_threshold": [
            0.7671207799474759,
            0.30489295721054077,
            3.9517660999990767,
            0.9427609427609428,
            1.8961964698777751,
            0.9528619528619529,
            2.2594574542541195
          ],
          "n_far_from_threshold": 297
        },
        "dkl_svgp": {
          "all": [
            1.144120693206787,
            0.5496987700462341,
            2.525219399998605,
            0.635,
            0.8366414877160586,
            0.6825,
            0.9969198213306205
          ],
          "n_all": 400,
          "near_threshold": [
            1.8207433223724365,
            1.2083842754364014,
            2.525219399998605,
            0.20388349514563106,
            0.79543873164055,
            0.27184466019417475,
            0.9478237092823667
          ],
          "n_near_threshold": 103,
          "far_from_threshold": [
            0.7831322550773621,
            0.3212657868862152,
            2.525219399998605,
            0.7845117845117845,
            0.8509306590149724,
            0.8249158249158249,
            1.013946419111665
          ],
          "n_far_from_threshold": 297
        },
        "lmjgp_predict_vi": {
          "all": [
            1.1623376607894897,
            0.4566757082939148,
            683.0183641999974,
            0.7825,
            1.140955329045611,
            0.8225,
            1.3595321287299074
          ],
          "n_all": 400,
          "near_threshold": [
            1.846206784248352,
            1.1040235757827759,
            683.0183641999974,
            0.6019417475728155,
            2.271521046274326,
            0.6213592233009708,
            2.7066842713985575
          ],
          "n_near_threshold": 103,
          "far_from_threshold": [
            0.798437237739563,
            0.23217462003231049,
            683.0183641999974,
            0.8451178451178452,
            0.748873615663262,
            0.8922558922558923,
            0.8923379513060996
          ],
          "n_far_from_threshold": 297
        }
      },
      "near_threshold_delta": 0.05
    }
  }
}