{
  "dataset_folder": "data\\processed\\pdebench_burgers_shockjump",
  "result_row": [
    "rmse",
    "mean_crps",
    "wall_sec",
    "coverage_90",
    "width_90",
    "coverage_95",
    "width_95"
  ],
  "runs": {
    "0": {
      "seed": 0,
      "n_train": 1600,
      "n_test": 400,
      "split_counts": {
        "all": 400,
        "near_threshold": 6,
        "far_from_threshold": 394
      },
      "metrics": {
        "lmjgp_predict_vi": {
          "all": [
            0.7861666679382324,
            0.2381560504436493,
            488.475800799999,
            0.86,
            1.0082603547744364,
            0.92,
            1.2014163145081938
          ],
          "n_all": 400,
          "near_threshold": [
            1.838489055633545,
            1.0651707649230957,
            488.475800799999,
            0.6666666666666666,
            4.041863616557446,
            0.6666666666666666,
            4.816177554690782
          ],
          "n_near_threshold": 6,
          "far_from_threshold": [
            0.7589448690414429,
            0.22556190192699432,
            488.475800799999,
            0.8629441624365483,
            0.9620633507878934,
            0.9238578680203046,
            1.1463691890231797
          ],
          "n_far_from_threshold": 394
        },
        "cemem_pls_only": {
          "all": [
            0.7889823020687432,
            0.2624414563179016,
            37.416776799997024,
            0.7325,
            0.7350493079672644,
            0.7775,
            0.8758652726729421
          ],
          "n_all": 400,
          "near_threshold": [
            1.3039639688821836,
            1.030819058418274,
            37.416776799997024,
            0.3333333333333333,
            2.392549791321898,
            0.3333333333333333,
            2.8508989160943075
          ],
          "n_near_threshold": 6,
          "far_from_threshold": [
            0.7785110365342507,
            0.2507402300834656,
            37.416776799997024,
            0.7385786802030457,
            0.7098081838552651,
            0.7842639593908629,
            0.8457886182045963
          ],
          "n_far_from_threshold": 394
        },
        "cemem_coeff": {
          "all": [
            0.8024079032040807,
            0.26057228446006775,
            597.9265825000039,
            0.6675,
            0.7083317460009829,
            0.7375,
            0.844029333990859
          ],
          "n_all": 400,
          "near_threshold": [
            0.8395296973124,
            0.5077523589134216,
            597.9265825000039,
            0.8333333333333334,
            2.348025883794982,
            0.8333333333333334,
            2.7978454080046653
          ],
          "n_near_threshold": 6,
          "far_from_threshold": [
            0.8018293117060467,
            0.2568081319332123,
            597.9265825000039,
            0.6649746192893401,
            0.6833617845117341,
            0.7360406091370558,
            0.8142757897165371
          ],
          "n_far_from_threshold": 394
        }
      },
      "near_threshold_delta": 0.05,
      "diagnostics": {
        "cemem_coeff": {
          "V_basis": {
            "n_pls": 5,
            "n_pca": 5,
            "n_random": 0,
            "Rv": 10,
            "source_per_column": [
              "pls",
              "pls",
              "pls",
              "pls",
              "pls",
              "pca",
              "pca",
              "pca",
              "pca",
              "pca"
            ],
            "V_tilde_frob": 3.1622776609321686
          },
          "W": {
            "median_trace_WWT": 3.0,
            "median_eff_rank_WWT": 2.7222533226013184,
            "median_frob_W": 1.7320507764816284,
            "anchor_dispersion_frob": 0.71988445520401,
            "cosine_to_ref_median": 0.44929976884037237
          },
          "best_outer": 5,
          "best_metric_value": -19.461122512817383,
          "train_time_sec": 557.3404826000042,
          "history": [
            {
              "gp_ll_mean": 12.320785522460938,
              "gate_bce_mean": 0.38424327969551086,
              "smoothness": 1.2043075561523438,
              "row_norm": 0.0,
              "loss": -12.270318031311035,
              "n_gp": 397,
              "n_gate": 400,
              "n_skip": 0,
              "outer": 1.0,
              "n_cem_success": 400.0
            },
            {
              "gp_ll_mean": 17.667980194091797,
              "gate_bce_mean": 0.4259755611419678,
              "smoothness": 2.997305154800415,
              "row_norm": 0.0,
              "loss": -17.595409393310547,
              "n_gp": 399,
              "n_gate": 400,
              "n_skip": 0,
              "outer": 2.0,
              "n_cem_success": 400.0
            },
            {
              "gp_ll_mean": 17.26471710205078,
              "gate_bce_mean": 0.4192587435245514,
              "smoothness": 4.3740973472595215,
              "row_norm": 0.0,
              "loss": -17.17905044555664,
              "n_gp": 397,
              "n_gate": 400,
              "n_skip": 0,
              "outer": 3.0,
              "n_cem_success": 400.0
            },
            {
              "gp_ll_mean": 19.318313598632812,
              "gate_bce_mean": 0.4179876744747162,
              "smoothness": 6.308655261993408,
              "row_norm": 0.0,
              "loss": -19.21342658996582,
              "n_gp": 399,
              "n_gate": 400,
              "n_skip": 0,
              "outer": 4.0,
              "n_cem_success": 400.0
            },
            {
              "gp_ll_mean": 19.58540916442871,
              "gate_bce_mean": 0.45325717329978943,
              "smoothness": 7.8960723876953125,
              "row_norm": 0.0,
              "loss": -19.461122512817383,
              "n_gp": 395,
              "n_gate": 400,
              "n_skip": 0,
              "outer": 5.0,
              "n_cem_success": 400.0
            }
          ],
          "Q": 3,
          "Rv": 10,
          "D": 201,
          "n_neighbors": 35,
          "cem_em_defaults_source": "experiments/uci/compare_3way_10seeds.py"
        }
      }
    }
  }
}