{
  "dataset_folder": "data\\processed\\pdebench_burgers_shockjump",
  "result_row": [
    "rmse",
    "mean_crps",
    "wall_sec",
    "coverage_90",
    "width_90",
    "coverage_95",
    "width_95"
  ],
  "runs": {
    "0": {
      "seed": 0,
      "n_train": 1600,
      "n_test": 400,
      "split_counts": {
        "all": 400,
        "near_threshold": 6,
        "far_from_threshold": 394
      },
      "metrics": {
        "xgb_bootstrap": {
          "all": [
            0.7248016577266082,
            0.30635321140289307,
            4.4172996999986935,
            0.9475,
            2.0529654258308376,
            0.9525,
            2.446259186959916
          ],
          "n_all": 400,
          "near_threshold": [
            1.0902020695287307,
            0.6385377049446106,
            4.4172996999986935,
            0.6666666666666666,
            2.729941546348756,
            1.0,
            3.252925988715349
          ],
          "n_near_threshold": 6,
          "far_from_threshold": [
            0.7178007406702573,
            0.3012945353984833,
            4.4172996999986935,
            0.9517766497461929,
            2.042656144807722,
            0.9517766497461929,
            2.4339749209433355
          ],
          "n_far_from_threshold": 394
        },
        "dkl_svgp": {
          "all": [
            0.8778305649757385,
            0.36912399530410767,
            2.72473650000029,
            0.83,
            1.4416995164888078,
            0.855,
            1.7178909311729529
          ],
          "n_all": 400,
          "near_threshold": [
            1.50783371925354,
            0.9895628094673157,
            2.72473650000029,
            0.5,
            1.1137106319432615,
            0.5,
            1.3270680697915596
          ],
          "n_near_threshold": 6,
          "far_from_threshold": [
            0.8646956086158752,
            0.35967567563056946,
            2.72473650000029,
            0.8350253807106599,
            1.4466942710757957,
            0.8604060913705583,
            1.72384254835135
          ],
          "n_far_from_threshold": 394
        }
      },
      "near_threshold_delta": 0.05
    }
  }
}