{
  "dataset_folder": "data\\processed\\pdebench_burgers_shockjump_balanced_delta01_n2000",
  "result_row": [
    "rmse",
    "mean_crps",
    "wall_sec",
    "coverage_90",
    "width_90",
    "coverage_95",
    "width_95"
  ],
  "runs": {
    "1": {
      "seed": 1,
      "n_train": 1600,
      "n_test": 400,
      "split_counts": {
        "all": 400,
        "near_threshold": 106,
        "far_from_threshold": 294
      },
      "metrics": {
        "xgb_bootstrap": {
          "all": [
            0.6896242412714474,
            0.30576157569885254,
            2.5300868000049377,
            0.9225,
            1.8070760608732308,
            0.935,
            2.153263937047291
          ],
          "n_all": 400,
          "near_threshold": [
            0.820361073289013,
            0.3931335508823395,
            2.5300868000049377,
            0.8584905660377359,
            1.8757567643405209,
            0.8773584905660378,
            2.2351020428964103
          ],
          "n_near_threshold": 106,
          "far_from_threshold": [
            0.6359294843344544,
            0.27426010370254517,
            2.5300868000049377,
            0.9455782312925171,
            1.7823136303714187,
            0.95578231292517,
            2.1237576811969276
          ],
          "n_far_from_threshold": 294
        },
        "dkl_svgp": {
          "all": [
            0.9469329714775085,
            0.4643498957157135,
            1.1559467000042787,
            0.7125,
            1.287107822819361,
            0.7725,
            1.5336835664953277
          ],
          "n_all": 400,
          "near_threshold": [
            1.3719264268875122,
            0.7782561779022217,
            1.1559467000042787,
            0.44339622641509435,
            1.4129655285147154,
            0.5377358490566038,
            1.6836522727059342
          ],
          "n_near_threshold": 106,
          "far_from_threshold": [
            0.7357754707336426,
            0.3511728346347809,
            1.1559467000042787,
            0.8095238095238095,
            1.2417305547795396,
            0.8571428571428571,
            1.4796132166370815
          ],
          "n_far_from_threshold": 294
        },
        "lmjgp_predict_vi": {
          "all": [
            0.7119370698928833,
            0.23961587250232697,
            317.5078569000034,
            0.83,
            0.9556457097935551,
            0.8975,
            1.1387220981158126
          ],
          "n_all": 400,
          "near_threshold": [
            0.8578698039054871,
            0.3657413125038147,
            317.5078569000034,
            0.8018867924528302,
            1.5556804329412266,
            0.8773584905660378,
            1.8537075701195143
          ],
          "n_near_threshold": 106,
          "far_from_threshold": [
            0.6513513922691345,
            0.19414208829402924,
            317.5078569000034,
            0.8401360544217688,
            0.7393066599511973,
            0.9047619047619048,
            0.880938220454614
          ],
          "n_far_from_threshold": 294
        }
      },
      "near_threshold_delta": 0.1
    },
    "2": {
      "seed": 2,
      "n_train": 1600,
      "n_test": 400,
      "split_counts": {
        "all": 400,
        "near_threshold": 106,
        "far_from_threshold": 294
      },
      "metrics": {
        "xgb_bootstrap": {
          "all": [
            0.6872145987472664,
            0.30720770359039307,
            2.3335265000059735,
            0.9225,
            1.817896671783238,
            0.935,
            2.1661574902041405
          ],
          "n_all": 400,
          "near_threshold": [
            0.8278182142539121,
            0.39865028858184814,
            2.3335265000059735,
            0.8584905660377359,
            1.8964166882681954,
            0.8962264150943396,
            2.2597198606511903
          ],
          "n_near_threshold": 106,
          "far_from_threshold": [
            0.6288569814921304,
            0.27423861622810364,
            2.3335265000059735,
            0.9455782312925171,
            1.789586733866893,
            0.9489795918367347,
            2.13242411854636
          ],
          "n_far_from_threshold": 294
        },
        "dkl_svgp": {
          "all": [
            1.022454857826233,
            0.5001649260520935,
            1.0931532999966294,
            0.8075,
            1.8585839707294491,
            0.8475,
            2.214639397199468
          ],
          "n_all": 400,
          "near_threshold": [
            1.5777486562728882,
            0.913195788860321,
            1.0931532999966294,
            0.6226415094339622,
            1.8346331135213156,
            0.6320754716981132,
            2.18610019057486
          ],
          "n_near_threshold": 106,
          "far_from_threshold": [
            0.7244530916213989,
            0.3512490391731262,
            1.0931532999966294,
            0.8741496598639455,
            1.8672193138044904,
            0.9251700680272109,
            2.2249290431253463
          ],
          "n_far_from_threshold": 294
        },
        "lmjgp_predict_vi": {
          "all": [
            0.7219332456588745,
            0.24558427929878235,
            318.7728264999896,
            0.835,
            0.9628185093083101,
            0.89,
            1.1472690159004069
          ],
          "n_all": 400,
          "near_threshold": [
            0.9145898222923279,
            0.4055221974849701,
            318.7728264999896,
            0.8018867924528302,
            1.573093669317789,
            0.8679245283018868,
            1.8744567210428085
          ],
          "n_near_threshold": 106,
          "far_from_threshold": [
            0.638367235660553,
            0.18791957199573517,
            318.7728264999896,
            0.8469387755102041,
            0.7427873291688383,
            0.8979591836734694,
            0.8850856936381805
          ],
          "n_far_from_threshold": 294
        }
      },
      "near_threshold_delta": 0.1
    },
    "3": {
      "seed": 3,
      "n_train": 1600,
      "n_test": 400,
      "split_counts": {
        "all": 400,
        "near_threshold": 106,
        "far_from_threshold": 294
      },
      "metrics": {
        "xgb_bootstrap": {
          "all": [
            0.7031612652977011,
            0.31115153431892395,
            2.2899321999866515,
            0.92,
            1.8600416127614883,
            0.93,
            2.216376284809609
          ],
          "n_all": 400,
          "near_threshold": [
            0.8615423778526419,
            0.41105949878692627,
            2.2899321999866515,
            0.8490566037735849,
            1.9330493092634304,
            0.8679245283018868,
            2.303370320870582
          ],
          "n_near_threshold": 106,
          "far_from_threshold": [
            0.6364635699569545,
            0.27513033151626587,
            2.2899321999866515,
            0.9455782312925171,
            1.8337191099410597,
            0.9523809523809523,
            2.185011088134565
          ],
          "n_far_from_threshold": 294
        },
        "dkl_svgp": {
          "all": [
            0.7908932566642761,
            0.36827152967453003,
            1.061613199999556,
            0.6925,
            0.9164995747632244,
            0.7425,
            1.0920766011936396
          ],
          "n_all": 400,
          "near_threshold": [
            0.968819797039032,
            0.517465353012085,
            1.061613199999556,
            0.5,
            0.9018738027896466,
            0.5754716981132075,
            1.074648918970367
          ],
          "n_near_threshold": 106,