{
  "metric_names": [
    "rmse",
    "mean_crps",
    "wall_sec",
    "coverage_90",
    "width_90",
    "coverage_95",
    "width_95"
  ],
  "dataset": "data/processed/pdebench_burgers_shockjump_balanced_delta01_n2000",
  "Q": 3,
  "n": 25,
  "methods": {
    "jgp_pca": {
      "all": {
        "n": 5,
        "mean": [
          1.0249600477858958,
          0.40371501445770264,
          29.680887920001986,
          0.7075,
          0.7578877985190254,
          0.7525,
          0.9030790126734256
        ],
        "std": [
          0.0,
          0.0,
          1.730526267548591,
          0.0,
          0.0,
          0.0,
          1.1102230246251565e-16
        ]
      },
      "near_threshold": {
        "n": 5,
        "mean": [
          1.4213907848308747,
          0.8126705288887024,
          29.680887920001986,
          0.5943396226415094,
          1.49872218376672,
          0.6320754716981132,
          1.7858376300985312
        ],
        "std": [
          0.0,
          0.0,
          1.730526267548591,
          0.0,
          0.0,
          0.0,
          0.0
        ]
      },
      "far_from_threshold": {
        "n": 5,
        "mean": [
          0.8371882665310594,
          0.2562684714794159,
          29.680887920001986,
          0.7482993197278912,
          0.49078424465421044,
          0.7959183673469388,
          0.584805497547367
        ],
        "std": [
          0.0,
          0.0,
          1.730526267548591,
          0.0,
          5.551115123125783e-17,
          0.0,
          0.0
        ]
      }
    },
    "lmjgp_predict_vi": {
      "all": {
        "n": 5,
        "mean": [
          0.713646411895752,
          0.23983250856399535,
          404.78235994000426,
          0.8314999999999999,
          0.9595018359923356,
          0.8949999999999999,
          1.143316955886506
        ],
        "std": [
          0.004695710582299226,
          0.0034378331985065675,
          165.7683744152289,
          0.0029999999999999875,
          0.008791428425923335,
          0.005700877125495695,
          0.010475633092901157
        ]
      },
      "near_threshold": {
        "n": 5,
        "mean": [
          0.8773126006126404,
          0.37665098905563354,
          404.78235994000426,
          0.7981132075471699,
          1.6130582397200484,
          0.8754716981132076,
          1.9220774438612984
        ],
        "std": [
          0.022608772572230682,
          0.016427025535914686,
          165.7683744152289,
          0.004621678759968259,
          0.047004562506098864,
          0.011001796028009998,
          0.0560093908123371
        ]
      },
      "far_from_threshold": {
        "n": 5,
        "mean": [
          0.6443578243255615,
          0.19050340354442596,
          404.78235994000426,
          0.8435374149659864,
          0.7238658536959495,
          0.9020408163265307,
          0.8625393649840296
        ],
        "std": [
          0.007690113467381892,
          0.0031461066290245743,
          165.7683744152289,
          0.0030422693571425744,
          0.01516990720863063,
          0.006937441515092232,
          0.018076059346895122
        ]
      }
    }
  },
  "jgp_pca_diagnostics": {
    "explained_variance_sum_mean": 0.9632732028789295,
    "explained_variance_sum_values": [
      0.9632732028789295,
      0.9632732028789295,
      0.9632732028789295,
      0.9632732028789295,
      0.9632732028789295
    ],
    "bad_sig2_total": 0
  }
}