benchmark,dataset,train_size,seed,method,subset,n_train,n_test,n_eval,rmse,mean_crps,wall_sec,coverage_90,mean_width_90,coverage_95,mean_width_95,train_sec,pred_sec,init_inlier_rate,final_inlier_rate,label_change_rate,mean_noise_var,init_init_sec,init_meanw_cem_failed,init_meanw_cem_inlier_rate,Q,n_neighbors,status
pdebench_burgers,PDEBench Burgers ShockJump,80,0,self_cem2_nstd0.1_kcov0.1,all,80,40,40,0.6082552035335402,0.24123713374137878,9.279822999989847,0.775,0.8415975135106134,0.775,1.0028252903064723,9.078242699994007,0.2015802999958396,0.714,0.78,0.092,0.013075506650558228,6.620475299976533,0,0.714,3,25,ok
pdebench_burgers,PDEBench Burgers ShockJump,80,0,self_cem2_nstd0.1_kcov0.1,near_threshold,80,40,15,0.34273557607695043,0.24980995059013367,9.279822999989847,0.5333333333333333,1.08797223567449,0.5333333333333333,1.296398879001551,9.078242699994007,0.2015802999958396,0.714,0.78,0.092,0.013075506650558228,6.620475299976533,0,0.714,3,25,ok
pdebench_burgers,PDEBench Burgers ShockJump,80,0,self_cem2_nstd0.1_kcov0.1,far_from_threshold,80,40,25,0.7221346295087405,0.2360934317111969,9.279822999989847,0.92,0.6937726802122873,0.92,0.8266811370894245,9.078242699994007,0.2015802999958396,0.714,0.78,0.092,0.013075506650558228,6.620475299976533,0,0.714,3,25,ok
