{
  "count": 1250,
  "mean": 0.051161993861414456,
  "median": 0.0002544869014263546,
  "p90": 0.11016811882423132,
  "frac_near_zero": 0.0,
  "bin_edges": [
    3.982275881549804e-07,
    0.3557360182019087,
    0.7114716381762293,
    1.06720725815055,
    1.4229428781248705,
    1.778678498099191,
    2.134414118073512,
    2.4901497380478324,
    2.845885358022153,
    3.2016209779964733,
    3.5573565979707937,
    3.9130922179451146,
    4.268827837919435,
    4.624563457893755,
    4.980299077868076,
    5.336034697842396,
    5.691770317816717,
    6.047505937791038,
    6.403241557765358,
    6.758977177739679,
    7.114712797714
  ],
  "bin_counts": [
    1209,
    24,
    11,
    3,
    0,
    0,
    0,
    1,
    1,
    0,
    0,
    0,
    0,
    0,
    0,
    0,
    0,
    0,
    0,
    1
  ]
}