{
  "variant": "rank",
  "reward_advantage": "rank",
  "anchor_weight": "uniform",
  "noise_std": 0.5,
  "rmse_cem": 2.3543692072226587,
  "crps_cem": 0.7630943059921265,
  "w_drift_test": 0.5378364957814569,
  "w_drift_reward": 0.42928824474198535,
  "anchor_weight_active_frac_last": 1.0,
  "explore_reward_spread_mean": 0.051161993861414456,
  "explore_reward_spread_median": 0.0002544869014263546,
  "explore_reward_spread_p90": 0.11016811882423132,
  "explore_reward_spread_frac_near_zero": 0.0,
  "explore_top_anchor_overlap_mean": 0.7600296697626417,
  "explore_top_anchor_overlap_last": 0.7647058823529411,
  "explore_rank_stability_spread_mean": 0.9233893557422969,
  "explore_rank_stability_spread_last": 0.9201920768307322,
  "explore_mean_delta_reward_vs_w0": 0.021904909745241535,
  "explore_frac_delta_reward_positive": 0.71808,
  "explore_mean_best_delta_reward_vs_w0": 0.1336780827969872,
  "explore_frac_best_delta_positive": 0.9728,
  "explore_mean_delta_reward_top_anchors": 0.0673655323547283,
  "explore_frac_delta_top_positive": 0.6693333333333333,
  "explore_mean_delta_reward_top_anchors_last": 0.2051576446862435,
  "explore_mean_best_delta_top_anchors_last": 0.8699741174292922,
  "rmse": 2.3543692072226587,
  "mean_crps": 0.7630943059921265,
  "wall_sec": 17.699297099985415,
  "coverage_90": 0.85,
  "mean_width_90": 1.4736356742928727,
  "coverage_95": 0.9,
  "mean_width_95": 1.7559452103349014,
  "final_ensemble_samples": 5,
  "final_hyper_steps": 4,
  "final_gate_steps": 6,
  "final_ensemble_cem_sec": 16.905741199996555,
  "final_ensemble_pred_sec": 0.7935558999888599,
  "final_ensemble_total_sec": 17.699297099985415,
  "final_ensemble_mean_n_inliers": 32.15,
  "final_ensemble_fallback_count": 0,
  "final_ensemble_within_sigma_mean": 0.4451048864063106,
  "final_ensemble_between_sigma_mean": 0.021976220812648804
}