dataset,method,n_seeds,rmse_mean,rmse_std,mean_crps_mean,mean_crps_std,wall_sec_mean,wall_sec_std,coverage_90_mean,coverage_90_std,width_90_mean,width_90_std,coverage_95_mean,coverage_95_std,width_95_mean,width_95_std
Wine Quality,cemem_large_projected_final,1,0.901879026395118,0.0,0.5444925427436829,0.0,2.6674302000028547,0.0,0.5833333333333334,0.0,1.2504817979812264,0.0,0.5833333333333334,0.0,1.490040966081904,0.0
Wine Quality,cemem_large_raw_final,1,1.02663140017502,0.0,0.6198012232780457,0.0,2.8275573999853805,0.0,0.5,0.0,1.5541798018697766,0.0,0.5833333333333334,0.0,1.8519194579094478,0.0
Wine Quality,cemem_small_current,1,1.0970743972921702,0.0,0.7080447673797607,0.0,3.029178699973272,0.0,0.5833333333333334,0.0,1.4290269207851782,0.0,0.5833333333333334,0.0,1.7027906020234316,0.0
Wine Quality,cluster_anchor_projected_final,1,1.190638597569975,0.0,0.7988340258598328,0.0,1.0691871999879368,0.0,0.4166666666666667,0.0,0.8593992902464621,0.0,0.5,0.0,1.0240374156235146,0.0
