dataset,seed,method,split_type,n,metric_policy,n_eval_used,n_numeric_omitted,rmse,mean_crps,wall_sec,coverage_90,mean_width_90,coverage_95,mean_width_95
Parkinsons Telemonitoring,0,xgb_bootstrap,subject_grouped,25,raw,200,0,8.438477738345732,6.11039924621582,4.009036100003868,0.31,7.720720525595169,0.35,9.19980593830197
Parkinsons Telemonitoring,0,dkl_svgp,subject_grouped,25,raw,200,0,10.055111107000334,7.9997782707214355,1.0197225000010803,0.155,5.280617298663323,0.18,6.292243608752824
