{
  "_meta": {
    "seed": 0,
    "max_anchors": 200,
    "n": 35,
    "lmjgp_steps": 300,
    "MC_num": 3,
    "modes": [
      "raw",
      "std_x",
      "std_xy"
    ],
    "debug_std_xy": 0,
    "lmjgp_var_diag": true
  },
  "Wine Quality": {
    "raw": {
      "mode": "raw",
      "standardize_x": false,
      "standardize_y": false,
      "K": 3,
      "lmjgp": {
        "metrics_7": [
          0.746760550798012,
          0.3867753744125366,
          113.15849790000357,
          0.875,
          2.024481377004136,
          0.91,
          2.412318349356217
        ],
        "train_time_sec": 27.878845699997328,
        "predict_wall_sec": 113.15849790000357,
        "total_wall_sec": 141.12034729999868,
        "metrics_on_original_y_scale": false,
        "variance_decomposition": {
          "median_sigma_train": 0.643591970205307,
          "p90_sigma_train": 0.8365756869316101,
          "median_var_within_train": 0.3278861343860626,
          "median_var_between_train": 0.02502456121146679,
          "mean_var_within_train": 0.3424423756032548,
          "mean_var_between_train": 0.08795678609992405,
          "median_sigma_orig": 0.643591970205307,
          "p90_sigma_orig": 0.8365756869316101,
          "median_var_within_orig": 0.3278861343860626,
          "median_var_between_orig": 0.02502456121146679
        }
      },
      "cem_em_coeff": {
        "metrics_7": [
          0.7809771831909313,
          0.39676788449287415,
          59.931340700000874,
          0.765,
          1.3332222059339882,
          0.8,
          1.5886322431392568
        ],
        "train_time_sec": 555.5674482999966,
        "predict_wall_sec": 59.931340700000874,
        "total_wall_sec": 615.8606331999981,
        "metrics_on_original_y_scale": false
      }
    },
    "std_x": {
      "mode": "std_x",
      "standardize_x": true,
      "standardize_y": false,
      "K": 3,
      "lmjgp": {
        "metrics_7": [
          0.7074908835368761,
          0.37213030457496643,
          131.38366820000374,
          0.865,
          1.8852865808319839,
          0.905,
          2.2464575196370133
        ],
        "train_time_sec": 71.73106250000274,
        "predict_wall_sec": 131.38366820000374,
        "total_wall_sec": 203.430537799999,
        "metrics_on_original_y_scale": false,
        "variance_decomposition": {
          "median_sigma_train": 0.5495108664035797,
          "p90_sigma_train": 0.7860216200351715,
          "median_var_within_train": 0.2778186947107315,
          "median_var_between_train": 0.011867939960211515,
          "mean_var_within_train": 0.305277696228821,
          "mean_var_between_train": 0.05970631713941506,
          "median_sigma_orig": 0.5495108664035797,
          "p90_sigma_orig": 0.7860216200351715,
          "median_var_within_orig": 0.2778186947107315,
          "median_var_between_orig": 0.011867939960211515
        }
      },
      "cem_em_coeff": {
        "metrics_7": [
          0.7259178415891236,
          0.3782414197921753,
          64.29301499999565,
          0.76,
          1.147197179119167,
          0.79,
          1.3669697518354615
        ],
        "train_time_sec": 679.3095590999947,
        "predict_wall_sec": 64.29301499999565,
        "total_wall_sec": 743.7440659999993,
        "metrics_on_original_y_scale": false
      }
    },
    "std_xy": {
      "mode": "std_xy",
      "standardize_x": true,
      "standardize_y": true,
      "K": 3,
      "lmjgp": {
        "metrics_7": [
          0.6740178018453267,
          0.6668177843093872,
          147.23592859999917,
          0.835,
          5.995082185005569,
          0.89,
          7.143581030213622
        ],
        "train_time_sec": 73.64147050000611,
        "predict_wall_sec": 147.23592859999917,
        "total_wall_sec": 221.18410260000383,
        "metrics_on_original_y_scale": true,
        "variance_decomposition": {
          "median_sigma_train": 0.6119012534618378,
          "p90_sigma_train": 0.9030859231948851,
          "median_var_within_train": 0.32260867953300476,
          "median_var_between_train": 0.020367627032101154,
          "mean_var_within_train": 431.0288765257769,
          "mean_var_between_train": 0.0756931310007177,
          "median_sigma_orig": 0.5322686867928381,
          "p90_sigma_orig": 0.7855587085016783,
          "median_var_within_orig": 0.24410416911806146,
          "median_var_between_orig": 0.015411310944189812
        }
      },
      "cem_em_coeff": {
        "metrics_7": [
          0.7535434638560623,
          0.42336058616638184,
          60.38601030000427,
          0.69,
          1.2380491956211457,
          0.74,
          1.4752266066394606
        ],
        "train_time_sec": 652.3437750000012,
        "predict_wall_sec": 60.38601030000427,
        "total_wall_sec": 712.9262346999967,
        "metrics_on_original_y_scale": true
      }
    }
  },
  "Parkinsons Telemonitoring": {
    "raw": {
      "mode": "raw",
      "standardize_x": false,
      "standardize_y": false,
      "K": 5,
      "lmjgp": {
        "metrics_7": [
          4.172361435604744,
          1.5167046785354614,
          375.13263970000116,
          0.97,
          9.108019001754338,
          0.975,
          10.852874031733904
        ],
        "train_time_sec": 144.55691440000373,
        "predict_wall_sec": 375.13263970000116,
        "total_wall_sec": 520.1549203000031,
        "metrics_on_original_y_scale": false,
        "variance_decomposition": {
          "median_sigma_train": 1.1959806084632874,
          "p90_sigma_train": 7.170148277282714,
          "median_var_within_train": 0.7199036180973053,
          "median_var_between_train": 0.21510329097509384,
          "mean_var_within_train": 6.4149484950802185,
          "mean_var_between_train": 10.459415241785482,
          "median_sigma_orig": 1.1959806084632874,
          "p90_sigma_orig": 7.170148277282714,
          "median_var_within_orig": 0.7199036180973053,
          "median_var_between_orig": 0.21510329097509384
        }
      },
      "cem_em_coeff": {
        "metrics_7": [
          3.9584987706162917,
          1.0011862516403198,
          67.15990379999857,
          0.665,
          1.2783978925339516,
          0.735,
          1.5233050444265301
        ],
        "train_time_sec": 462.36568770000304,
        "predict_wall_sec": 67.15990379999857,
        "total_wall_sec": 529.6767544000031,
        "metrics_on_original_y_scale": false
      }
    },
    "std_x": {
      "mode": "std_x",
      "standardize_x": true,
      "standardize_y": false,
      "K": 5,
      "lmjgp": {
        "metrics_7": [
          5.50590513594645,
          2.8289716243743896,
          105.28571530000045,
          0.915,
          15.387095431330108,
          0.94,
          18.334855076425335
        ],
        "train_time_sec": 55.279673099998035,
        "predict_wall_sec": 105.28571530000045,
        "total_wall_sec": 160.80824569999822,
        "metrics_on_original_y_scale": false,
        "variance_decomposition": {
          "median_sigma_train": 4.879323244094849,
          "p90_sigma_train": 7.966930055618286,
          "median_var_within_train": 16.266474723815918,
          "median_var_between_train": 1.390540897846222,
          "mean_var_within_train": 21.96018996734172,
          "mean_var_between_train": 6.448883627715807,
          "median_sigma_orig": 4.879323244094849,
          "p90_sigma_orig": 7.966930055618286,
          "median_var_within_orig": 16.266474723815918,
          "median_var_between_orig": 1.390540897846222
        }
      },
      "cem_em_coeff": {
        "metrics_7": [
          5.431580358585572,
          2.5179483890533447,
          39.426072999995085,
          0.52,
          6.2053306199407965,
          0.555,
          7.394107492585045
        ],
        "train_time_sec": 389.1756605999981,
        "predict_wall_sec": 39.426072999995085,