setting,seed,variant,gamma_mean,gamma_entropy,R_std_median,kl_per_anchor,beta,coverage_penalty,data_loss,gate_l2,grad_data_R_log_std,grad_data_R_mu,grad_data_over_scaled_KL_R_log_std,grad_data_over_scaled_KL_R_mu,grad_scaled_KL_R_log_std,grad_scaled_KL_R_mu,loss,step
lh_q5_train1000,4,pointwise_pairwarm_map_soft,0.6434142589569092,0.623802125453949,0.049787066876888275,127.5565414428711,0.0012500000000000002,0.0,34.690643310546875,0.0,0.0,60.96952819824219,,94862.21950885848,0.0,0.0006427166517823935,34.85009002685547,1.0
lh_q5_train1000,4,pointwise_pairwarm_map_soft,0.7098140716552734,0.5811610221862793,0.049787066876888275,129.89865112304688,0.025,1.1622168130998034e-05,12.886795043945312,0.022931648418307304,0.0,1.0363339185714722,,30.930641627886594,0.0,0.033505089581012726,16.13426399230957,20.0
lh_q5_train1000,4,pointwise_pairwarm_map_soft,0.7479063272476196,0.5446182489395142,0.049787066876888275,130.37832641601562,0.05,3.1314182706410065e-05,10.953375816345215,0.0644303485751152,0.0,0.5781884789466858,,8.069507253726945,0.0,0.07165102660655975,17.47229766845703,40.0
lh_q5_train1000,4,pointwise_pairwarm_map_soft,0.7637239098548889,0.5261214971542358,0.049787066876888275,130.1796875,0.05,3.2862484658835456e-05,10.092328071594238,0.10813998430967331,0.0,0.3444216549396515,,5.039804074681189,0.0,0.06834028661251068,16.6013240814209,60.0
