setting,seed,variant,gamma_mean,gamma_entropy,R_std_median,kl_per_anchor,beta,coverage_penalty,data_loss,gate_l2,grad_data_R_log_std,grad_data_R_mu,grad_data_over_scaled_KL_R_log_std,grad_data_over_scaled_KL_R_mu,grad_scaled_KL_R_log_std,grad_scaled_KL_R_mu,loss,step
lh_q5_train1000,4,anchor_pca_background_map_soft,0.6372460722923279,0.6433848142623901,0.049787066876888275,126.61686706542969,0.0012500000000000002,0.0,30.342483520507812,0.0,0.0,7.55426549911499,,77482.5188671745,0.0,9.749638411449268e-05,30.500755310058594,1.0
lh_q5_train1000,4,anchor_pca_background_map_soft,0.6316441297531128,0.6300996541976929,0.049787066876888275,131.7263641357422,0.025,9.715234227769542e-06,17.98874282836914,0.018496984615921974,0.0,0.7640892267227173,,16.922690160035813,0.0,0.045151758939027786,21.28191375732422,20.0
lh_q5_train1000,4,anchor_pca_background_map_soft,0.6593375205993652,0.60733962059021,0.049787066876888275,134.27700805664062,0.05,4.349909795564599e-05,15.026068687438965,0.037643298506736755,0.0,0.34958982467651367,,3.353805818520806,0.0,0.10423675179481506,21.739967346191406,40.0
lh_q5_train1000,4,anchor_pca_background_map_soft,0.678004801273346,0.5953503251075745,0.049787066876888275,133.53961181640625,0.05,4.351024472271092e-05,13.627952575683594,0.05696536973118782,0.0,0.26152023673057556,,2.8734533371809876,0.0,0.09101252257823944,20.304983139038086,60.0
