setting,seed,variant,gamma_mean,gamma_entropy,R_std_median,kl_per_anchor,beta,coverage_penalty,data_loss,gate_l2,grad_data_R_log_std,grad_data_R_mu,grad_data_over_scaled_KL_R_log_std,grad_data_over_scaled_KL_R_mu,grad_scaled_KL_R_log_std,grad_scaled_KL_R_mu,loss,step
l2_q2_train1000,1,pointwise_pairwarm_map_soft,0.656972348690033,0.6281657814979553,0.049787066876888275,445.5859069824219,0.0012500000000000002,0.0,11.692910194396973,0.0,0.0,8.191998481750488,,15.524295022160986,0.0,0.5276889204978943,12.249892234802246,1.0
l2_q2_train1000,1,pointwise_pairwarm_map_soft,0.6587711572647095,0.6102672815322876,0.049787066876888275,273.1313781738281,0.025,9.890858564176597e-06,9.620837211608887,0.01902165822684765,0.0,0.9090337157249451,,0.5647038449854296,0.0,1.6097530126571655,16.44912338256836,20.0
l2_q2_train1000,1,pointwise_pairwarm_map_soft,0.6754754185676575,0.5935170650482178,0.049787066876888275,254.81072998046875,0.05,3.5561653930926695e-05,9.167858123779297,0.05285174772143364,0.0,0.7335391640663147,,0.6998100630523484,0.0,1.0481975078582764,21.90839958190918,40.0
l2_q2_train1000,1,pointwise_pairwarm_map_soft,0.6912410855293274,0.5820489525794983,0.049787066876888275,252.10137939453125,0.05,4.335538687882945e-05,8.76152229309082,0.08642987906932831,0.0,1.9532877206802368,,2.9511000910300433,0.0,0.661884605884552,21.366601943969727,60.0
