setting,seed,variant,gamma_mean,gamma_entropy,R_std_median,kl_per_anchor,beta,coverage_penalty,data_loss,gate_l2,grad_data_R_log_std,grad_data_R_mu,grad_data_over_scaled_KL_R_log_std,grad_data_over_scaled_KL_R_mu,grad_scaled_KL_R_log_std,grad_scaled_KL_R_mu,loss,step
l2_q2_train1000,4,pointwise_pairwarm_map_soft,0.6298484206199646,0.6338923573493958,0.049787066876888275,948.771484375,0.0012500000000000002,0.0,14.342681884765625,0.0,0.0,9.226412773132324,,10.414272618037419,0.0,0.8859392404556274,15.528646469116211,1.0
l2_q2_train1000,4,pointwise_pairwarm_map_soft,0.6444934010505676,0.6138707995414734,0.049787066876888275,591.3331298828125,0.025,7.088797815413272e-07,10.250200271606445,0.017403336241841316,0.0,1.156636357307434,,0.45777052689289705,0.0,2.526672840118408,25.03352928161621,20.0
l2_q2_train1000,4,pointwise_pairwarm_map_soft,0.6744140386581421,0.5958455801010132,0.049787066876888275,563.9310302734375,0.05,1.815572613850236e-05,9.412632942199707,0.04919464513659477,0.0,0.9928946495056152,,0.6429908625703693,0.0,1.5441815853118896,37.609188079833984,40.0
l2_q2_train1000,4,pointwise_pairwarm_map_soft,0.6926237344741821,0.5802056789398193,0.049787066876888275,558.7616577148438,0.05,2.380465593887493e-05,8.854537010192871,0.08194012939929962,0.0,0.6631519198417664,,0.8473806079768067,0.0,0.782590389251709,36.79262924194336,60.0
