setting,seed,variant,gamma_mean,gamma_entropy,R_std_median,kl_per_anchor,beta,coverage_penalty,data_loss,gate_l2,grad_data_R_log_std,grad_data_R_mu,grad_data_over_scaled_KL_R_log_std,grad_data_over_scaled_KL_R_mu,grad_scaled_KL_R_log_std,grad_scaled_KL_R_mu,loss,step
lh_q5_train1000,2,pointwise_pairwarm_map_soft,0.6470540165901184,0.620185375213623,0.049787066876888275,125.29713439941406,0.0012500000000000002,0.0,36.9128303527832,0.0,0.0,74.95043182373047,,72603.60661351205,0.0,0.0010323238093405962,37.06945037841797,1.0
lh_q5_train1000,2,pointwise_pairwarm_map_soft,0.7107704877853394,0.58528733253479,0.049787066876888275,128.09539794921875,0.025,4.001578872703249e-06,14.199930191040039,0.020811760798096657,0.0,1.5683952569961548,,37.89281844989173,0.0,0.041390303522348404,17.40231704711914,20.0
lh_q5_train1000,2,pointwise_pairwarm_map_soft,0.7452882528305054,0.5496772527694702,0.049787066876888275,128.39718627929688,0.05,1.0923127774731256e-05,12.20715618133545,0.0613117553293705,0.0,0.7895733714103699,,9.264330723703251,0.0,0.08522724360227585,18.62702178955078,40.0
lh_q5_train1000,2,pointwise_pairwarm_map_soft,0.7620931267738342,0.5293840169906616,0.049787066876888275,127.92803955078125,0.05,1.2488588254200295e-05,11.141151428222656,0.10864061117172241,0.0,0.5139819383621216,,6.511918609864685,0.0,0.07892941683530807,17.537565231323242,60.0
