setting,seed,variant,gamma_mean,gamma_entropy,R_std_median,kl_per_anchor,beta,coverage_penalty,data_loss,gate_l2,grad_data_R_log_std,grad_data_R_mu,grad_data_over_scaled_KL_R_log_std,grad_data_over_scaled_KL_R_mu,grad_scaled_KL_R_log_std,grad_scaled_KL_R_mu,loss,step
lh_q5_train1000,1,anchor_pca_background_map_soft,0.6495447158813477,0.6397541165351868,0.049787066876888275,124.39415740966797,0.0012500000000000002,0.0,27.595808029174805,0.0,0.0,7.282741069793701,,62376.8108628366,0.0,0.00011675398127408698,27.751300811767578,1.0
lh_q5_train1000,1,anchor_pca_background_map_soft,0.6445300579071045,0.6287296414375305,0.049787066876888275,129.64495849609375,0.025,6.672204563074047e-06,17.75803565979004,0.01900356635451317,0.0,0.5672614574432373,,10.737058183078522,0.0,0.05283211171627045,20.99916648864746,20.0
lh_q5_train1000,1,anchor_pca_background_map_soft,0.6676445007324219,0.6063297390937805,0.049787066876888275,131.67515563964844,0.05,1.3110712643538136e-05,15.50629711151123,0.039371222257614136,0.0,0.272216796875,,2.3797401835554983,0.0,0.11438929289579391,22.090072631835938,40.0
lh_q5_train1000,1,anchor_pca_background_map_soft,0.6813799142837524,0.5943672060966492,0.049787066876888275,130.734130859375,0.05,1.0786287020891905e-05,14.41174030303955,0.057401929050683975,0.0,0.21671999990940094,,2.3084769487890604,0.0,0.0938800796866417,20.948463439941406,60.0
