setting,seed,variant,gamma_mean,gamma_entropy,R_std_median,kl_per_anchor,beta,coverage_penalty,data_loss,gate_l2,grad_data_R_log_std,grad_data_R_mu,grad_data_over_scaled_KL_R_log_std,grad_data_over_scaled_KL_R_mu,grad_scaled_KL_R_log_std,grad_scaled_KL_R_mu,loss,step
l2_q2_train1000,2,pointwise_pairwarm_map_soft,0.6551440358161926,0.6279507875442505,0.049787066876888275,722.1586303710938,0.0012500000000000002,0.0,12.287602424621582,0.0,0.0,13.292265892028809,,18.30127903744074,0.0,0.7263025641441345,13.190300941467285,1.0
l2_q2_train1000,2,pointwise_pairwarm_map_soft,0.65550297498703,0.6102343201637268,0.049787066876888275,481.8359069824219,0.025,9.256946214009076e-06,9.709564208984375,0.02032681740820408,0.0,0.8938921689987183,,0.4111417073465189,0.0,2.17417049407959,21.755464553833008,20.0
l2_q2_train1000,2,pointwise_pairwarm_map_soft,0.6688052415847778,0.5921624898910522,0.049787066876888275,461.76104736328125,0.05,3.3446056477259845e-05,9.266932487487793,0.05612121522426605,0.0,0.6686633825302124,,0.5040396642819966,0.0,1.326608657836914,32.35498809814453,40.0
l2_q2_train1000,2,pointwise_pairwarm_map_soft,0.6809349656105042,0.5821430683135986,0.049787066876888275,459.1895446777344,0.05,3.5493205359671265e-05,8.94879150390625,0.09173481166362762,0.0,0.5983344316482544,,0.8323696248996506,0.0,0.7188326120376587,31.908279418945312,60.0
