setting,seed,variant,gamma_mean,gamma_entropy,R_std_median,kl_per_anchor,beta,coverage_penalty,data_loss,gate_l2,grad_data_R_log_std,grad_data_R_mu,grad_data_over_scaled_KL_R_log_std,grad_data_over_scaled_KL_R_mu,grad_scaled_KL_R_log_std,grad_scaled_KL_R_mu,loss,step
lh_q5_train1000,3,pointwise_pairwarm_map_soft,0.6685442328453064,0.6161959767341614,0.049787066876888275,129.09388732910156,0.0012500000000000002,0.0,17.192092895507812,0.0,0.0,13.437422752380371,,16540.427932429542,0.0,0.0008123987354338169,17.35346031188965,1.0
lh_q5_train1000,3,pointwise_pairwarm_map_soft,0.7247287034988403,0.5805495977401733,0.049787066876888275,130.92526245117188,0.025,4.478013579500839e-06,10.007488250732422,0.021414082497358322,0.0,0.8369010090827942,,26.86813297979252,0.0,0.031148461624979973,13.280621528625488,20.0
lh_q5_train1000,3,pointwise_pairwarm_map_soft,0.7571799159049988,0.5465338826179504,0.049787066876888275,131.7740478515625,0.05,1.8487624402041547e-05,8.155009269714355,0.0522172637283802,0.0,0.5244903564453125,,7.3487608526075014,0.0,0.07137126475572586,14.7437162399292,40.0
lh_q5_train1000,3,pointwise_pairwarm_map_soft,0.774373471736908,0.5268347263336182,0.049787066876888275,132.0786590576172,0.05,2.197385583713185e-05,7.2438645362854,0.08374114334583282,0.0,0.26907941699028015,,3.6855797334403633,0.0,0.0730087086558342,13.847805976867676,60.0
