setting,seed,variant,gamma_mean,gamma_entropy,R_std_median,kl_per_anchor,beta,coverage_penalty,data_loss,gate_l2,grad_data_R_log_std,grad_data_R_mu,grad_data_over_scaled_KL_R_log_std,grad_data_over_scaled_KL_R_mu,grad_scaled_KL_R_log_std,grad_scaled_KL_R_mu,loss,step
lh_q5_train1000,2,anchor_pca_background_map_soft,0.6440936326980591,0.6401816010475159,0.049787066876888275,123.5681381225586,0.0012500000000000002,0.0,30.305395126342773,0.0,0.0,12.951468467712402,,121907.72494843032,0.0,0.00010623993148328736,30.459856033325195,1.0
lh_q5_train1000,2,anchor_pca_background_map_soft,0.647808849811554,0.6292762756347656,0.049787066876888275,128.95205688476562,0.025,6.42554505247972e-06,18.37928581237793,0.018972691148519516,0.0,0.7753719687461853,,15.467948073567547,0.0,0.050127655267715454,21.60309410095215,20.0
lh_q5_train1000,2,anchor_pca_background_map_soft,0.6748164296150208,0.6025682091712952,0.049787066876888275,131.35777282714844,0.05,3.737235601875e-05,15.708673477172852,0.04120068624615669,0.0,0.35759592056274414,,3.174219857482914,0.0,0.11265631765127182,22.27660369873047,40.0
lh_q5_train1000,2,anchor_pca_background_map_soft,0.6910803318023682,0.5888029932975769,0.049787066876888275,130.1045379638672,0.05,4.0164795791497454e-05,14.501835823059082,0.06274382025003433,0.0,0.2746290862560272,,2.975573236343608,0.0,0.09229451417922974,21.007108688354492,60.0
