setting,seed,variant,gamma_mean,gamma_entropy,R_std_median,kl_per_anchor,beta,coverage_penalty,data_loss,gate_l2,grad_data_R_log_std,grad_data_R_mu,grad_data_over_scaled_KL_R_log_std,grad_data_over_scaled_KL_R_mu,grad_scaled_KL_R_log_std,grad_scaled_KL_R_mu,loss,step
l2_q2_train1000,4,anchor_pca_background_map_soft,0.6157004833221436,0.6494893431663513,0.049787066876888275,554.4530029296875,0.0012500000000000002,0.0,12.026934623718262,0.0,0.0,2.252382755279541,,99.02359284649036,0.0,0.022745920345187187,12.720001220703125,1.0
l2_q2_train1000,4,anchor_pca_background_map_soft,0.5581992268562317,0.6269381642341614,0.049787066876888275,558.156982421875,0.025,1.930019789142534e-05,10.352775573730469,0.023242173716425896,0.0,0.1916719675064087,,0.27406379011132265,0.0,0.6993699073791504,24.30672264099121,20.0
l2_q2_train1000,4,anchor_pca_background_map_soft,0.5625477433204651,0.613207221031189,0.049787066876888275,555.51904296875,0.05,8.610053191659972e-05,10.041698455810547,0.06940153241157532,0.0,0.16084995865821838,,0.20024293033664395,0.0,0.8032740950584412,37.817745208740234,40.0
l2_q2_train1000,4,anchor_pca_background_map_soft,0.5687306523323059,0.607837438583374,0.049787066876888275,554.9561767578125,0.05,9.991101978812367e-05,9.905116081237793,0.11720656603574753,0.0,0.13665911555290222,,0.3910147060304595,0.0,0.3494986593723297,37.65303421020508,60.0
