setting,seed,variant,gamma_mean,gamma_entropy,R_std_median,kl_per_anchor,beta,coverage_penalty,data_loss,gate_l2,grad_data_R_log_std,grad_data_R_mu,grad_data_over_scaled_KL_R_log_std,grad_data_over_scaled_KL_R_mu,grad_scaled_KL_R_log_std,grad_scaled_KL_R_mu,loss,step
l2_q2_train1000,1,anchor_pca_background_map_soft,0.6226117014884949,0.648037314414978,0.049787066876888275,248.78030395507812,0.0012500000000000002,0.0,11.847929954528809,0.0,0.0,4.5302228927612305,,328.4138637518365,0.0,0.0137942498549819,12.158905029296875,1.0
l2_q2_train1000,1,anchor_pca_background_map_soft,0.5790218114852905,0.633621871471405,0.049787066876888275,254.23486328125,0.025,1.2138142665207852e-05,9.674308776855469,0.0200483538210392,0.0,0.30301597714424133,,0.4184856833641172,0.0,0.7240772843360901,16.030193328857422,20.0
l2_q2_train1000,1,anchor_pca_background_map_soft,0.587414026260376,0.6213575601577759,0.049787066876888275,250.41793823242188,0.05,6.125419167801738e-05,9.321866035461426,0.05666559562087059,0.0,0.19315655529499054,,0.36909616334046985,0.0,0.523323118686676,21.84282875061035,40.0
l2_q2_train1000,1,anchor_pca_background_map_soft,0.5957757830619812,0.6170244216918945,0.049787066876888275,249.84336853027344,0.05,7.481744978576899e-05,9.154486656188965,0.09425070881843567,0.0,0.17636485397815704,,0.6941450428929179,0.0,0.25407493114471436,21.646739959716797,60.0
