setting,seed,variant,gamma_mean,gamma_entropy,R_std_median,kl_per_anchor,beta,coverage_penalty,data_loss,gate_l2,grad_data_R_log_std,grad_data_R_mu,grad_data_over_scaled_KL_R_log_std,grad_data_over_scaled_KL_R_mu,grad_scaled_KL_R_log_std,grad_scaled_KL_R_mu,loss,step
l2_q2_train1000,3,anchor_pca_background_map_soft,0.6180180311203003,0.6478064060211182,0.049787066876888275,475.75457763671875,0.0012500000000000002,0.0,11.952984809875488,0.0,0.0,2.976858615875244,,138.9347381116088,0.0,0.021426308900117874,12.547677993774414,1.0
l2_q2_train1000,3,anchor_pca_background_map_soft,0.5698423385620117,0.6251872181892395,0.049787066876888275,481.7864990234375,0.025,5.360985596780665e-05,9.775497436523438,0.021643780171871185,0.0,0.24248060584068298,,0.2829444068749106,0.0,0.8569902777671814,21.820215225219727,20.0
l2_q2_train1000,3,anchor_pca_background_map_soft,0.572920024394989,0.6119442582130432,0.049787066876888275,477.263671875,0.05,0.0002143523161066696,9.530486106872559,0.06838582456111908,0.0,0.15172772109508514,,0.22502945503379856,0.0,0.6742571592330933,33.393890380859375,40.0
l2_q2_train1000,3,anchor_pca_background_map_soft,0.5781947374343872,0.6080316305160522,0.049787066876888275,476.4208679199219,0.05,0.00023550578043796122,9.432650566101074,0.11484887450933456,0.0,0.12686212360858917,,0.38569269288044244,0.0,0.3289202153682709,33.25394058227539,60.0
