setting,seed,variant,gamma_mean,gamma_entropy,R_std_median,kl_per_anchor,beta,coverage_penalty,data_loss,gate_l2,grad_data_R_log_std,grad_data_R_mu,grad_data_over_scaled_KL_R_log_std,grad_data_over_scaled_KL_R_mu,grad_scaled_KL_R_log_std,grad_scaled_KL_R_mu,loss,step
lh_q5_train1000,1,pointwise_pairwarm_map_soft,0.6366913318634033,0.6238580346107483,0.049787066876888275,125.76060485839844,0.0012500000000000002,0.0,42.66830825805664,0.0,0.0,76.93870544433594,,96988.3208744667,0.0,0.0007932780426926911,42.82550811767578,1.0
lh_q5_train1000,1,pointwise_pairwarm_map_soft,0.7033511400222778,0.5806561708450317,0.049787066876888275,128.84097290039062,0.025,1.0394950550107751e-05,14.757987022399902,0.021337827667593956,0.0,1.0797810554504395,,24.42205264767401,0.0,0.04421336203813553,17.979013442993164,20.0
lh_q5_train1000,1,pointwise_pairwarm_map_soft,0.7384359240531921,0.5417102575302124,0.049787066876888275,129.34007263183594,0.05,2.07039738597814e-05,12.476073265075684,0.06113768368959427,0.0,0.7045424580574036,,7.617734170388385,0.0,0.0924871414899826,18.943082809448242,40.0
lh_q5_train1000,1,pointwise_pairwarm_map_soft,0.755256175994873,0.5215737223625183,0.049787066876888275,128.91070556640625,0.05,2.1576384824584238e-05,11.269824028015137,0.10826227068901062,0.0,0.5117680430412292,,6.037207285218004,0.0,0.08476900309324265,17.715370178222656,60.0
