setting,seed,variant,gamma_mean,gamma_entropy,R_std_median,kl_per_anchor,beta,coverage_penalty,data_loss,gate_l2,grad_data_R_log_std,grad_data_R_mu,grad_data_over_scaled_KL_R_log_std,grad_data_over_scaled_KL_R_mu,grad_scaled_KL_R_log_std,grad_scaled_KL_R_mu,loss,step
lh_q5_train1000,0,anchor_pca_background_map_soft,0.6576887369155884,0.6386987566947937,0.049787066876888275,125.72853088378906,0.0012500000000000002,0.0,22.25528907775879,0.0,0.0,2.1437883377075195,,21308.267241941678,0.0,0.0001006082893582061,22.41244888305664,1.0
lh_q5_train1000,0,anchor_pca_background_map_soft,0.6515857577323914,0.6376590132713318,0.049787066876888275,132.11631774902344,0.025,1.8859790316128056e-06,15.69516658782959,0.018006665632128716,0.0,0.6338293552398682,,12.637026572503565,0.0,0.050156526267528534,18.998077392578125,20.0
lh_q5_train1000,0,anchor_pca_background_map_soft,0.6740456819534302,0.6160054802894592,0.049787066876888275,136.00279235839844,0.05,3.2213588383456226e-06,12.48975658416748,0.039394427090883255,0.0,0.3888077139854431,,3.25983695467811,0.0,0.1192721351981163,19.28990364074707,40.0
lh_q5_train1000,0,anchor_pca_background_map_soft,0.6922094821929932,0.5998281240463257,0.049787066876888275,134.27938842773438,0.05,3.4759070786094526e-06,10.841726303100586,0.05849602445960045,0.0,0.2477491945028305,,2.524346964988451,0.0,0.09814387559890747,17.555706024169922,60.0
