setting,seed,variant,gamma_mean,gamma_entropy,R_std_median,kl_per_anchor,beta,coverage_penalty,data_loss,gate_l2,grad_data_R_log_std,grad_data_R_mu,grad_data_over_scaled_KL_R_log_std,grad_data_over_scaled_KL_R_mu,grad_scaled_KL_R_log_std,grad_scaled_KL_R_mu,loss,step
l2_q2_train1000,3,pointwise_pairwarm_map_soft,0.6465833783149719,0.6316571235656738,0.049787066876888275,836.4523315429688,0.0012500000000000002,0.0,12.875205039978027,0.0,0.0,19.074827194213867,,22.119633229705222,0.0,0.8623482584953308,13.920770645141602,1.0
l2_q2_train1000,3,pointwise_pairwarm_map_soft,0.644965410232544,0.6102814674377441,0.049787066876888275,519.6972045898438,0.025,1.6968879208434373e-05,10.459027290344238,0.018171919509768486,0.0,1.3368343114852905,,0.4251711159413509,0.0,3.144226551055908,23.451459884643555,20.0
l2_q2_train1000,3,pointwise_pairwarm_map_soft,0.6551152467727661,0.5910629630088806,0.049787066876888275,483.4847106933594,0.05,0.00011556538811419159,9.876944541931152,0.0547570064663887,0.0,1.0090396404266357,,0.5088008555873038,0.0,1.983172059059143,34.051185607910156,40.0
l2_q2_train1000,3,pointwise_pairwarm_map_soft,0.6674780249595642,0.5801945924758911,0.049787066876888275,479.60723876953125,0.05,0.00014435577031690627,9.528402328491211,0.08933304250240326,0.0,0.6048210859298706,,0.6590742121909818,0.0,0.9176828265190125,33.50877380371094,60.0
