setting,seed,variant,gamma_mean,gamma_entropy,R_std_median,kl_per_anchor,beta,coverage_penalty,data_loss,gate_l2,grad_data_R_log_std,grad_data_R_mu,grad_data_over_scaled_KL_R_log_std,grad_data_over_scaled_KL_R_mu,grad_scaled_KL_R_log_std,grad_scaled_KL_R_mu,loss,step
l2_q2_train1000,2,anchor_pca_background_map_soft,0.6317085027694702,0.6450982689857483,0.049787066876888275,456.3404235839844,0.0012500000000000002,0.0,10.883536338806152,0.0,0.0,3.0128190517425537,,158.1585642535576,0.0,0.019049357622861862,11.453962326049805,1.0
l2_q2_train1000,2,anchor_pca_background_map_soft,0.5863627195358276,0.6332408785820007,0.049787066876888275,460.6520690917969,0.025,1.4650737284682691e-05,9.443522453308105,0.024405885487794876,0.0,0.22765028476715088,,0.3659447586328215,0.0,0.6220892071723938,20.959840774536133,20.0
l2_q2_train1000,2,anchor_pca_background_map_soft,0.591088056564331,0.6221877932548523,0.049787066876888275,457.7459716796875,0.05,7.097183697624132e-05,9.183647155761719,0.07204066216945648,0.0,0.16778753697872162,,0.22939889505792624,0.0,0.7314226031303406,32.07102584838867,40.0
l2_q2_train1000,2,anchor_pca_background_map_soft,0.5971723794937134,0.6174762845039368,0.049787066876888275,457.2233581542969,0.05,8.026616706047207e-05,9.051675796508789,0.120489202439785,0.0,0.14262092113494873,,0.4017283784994221,0.0,0.35501828789711,31.912935256958008,60.0
