setting,seed,variant,gamma_mean,gamma_entropy,R_std_median,kl_per_anchor,beta,coverage_penalty,data_loss,gate_l2,grad_data_R_log_std,grad_data_R_mu,grad_data_over_scaled_KL_R_log_std,grad_data_over_scaled_KL_R_mu,grad_scaled_KL_R_log_std,grad_scaled_KL_R_mu,loss,step
lh_q5_train1000,3,anchor_pca_background_map_soft,0.6550719141960144,0.6395614147186279,0.049787066876888275,127.59774017333984,0.0012500000000000002,0.0,21.74751853942871,0.0,0.0,2.8700778484344482,,25181.30069631887,0.0,0.00011397655180189759,21.907014846801758,1.0
lh_q5_train1000,3,anchor_pca_background_map_soft,0.6535746455192566,0.6360784769058228,0.049787066876888275,133.65493774414062,0.025,0.0,14.337786674499512,0.019417306408286095,0.0,0.6517893671989441,,12.741184749773364,0.0,0.05115610361099243,17.679162979125977,20.0
lh_q5_train1000,3,anchor_pca_background_map_soft,0.6816348433494568,0.6144698858261108,0.049787066876888275,136.43907165527344,0.05,0.0,11.339583396911621,0.04403860121965408,0.0,0.3434271812438965,,3.1414359234310436,0.0,0.1093217208981514,18.161540985107422,40.0
lh_q5_train1000,3,anchor_pca_background_map_soft,0.7006468772888184,0.5987792611122131,0.049787066876888275,134.9530029296875,0.05,0.0,10.064396858215332,0.06620156019926071,0.0,0.20018967986106873,,2.3113915049376548,0.0,0.08661002665758133,16.81205177307129,60.0
