setting,method,N_train,N_test,D,Q_true,Q,n,standardize_x,n_seeds,coverage_90_mean,coverage_90_std,coverage_95_mean,coverage_95_std,mean_crps_mean,mean_crps_std,mean_width_90_mean,mean_width_90_std,mean_width_95_mean,mean_width_95_std,median_capture_ratio_top_Q_truth_mean,median_subspace_cos_to_truth_mean,rmse_mean,rmse_std,wall_sec_mean,wall_sec_std
train200,cem_em_transductive_vi_fullcov_ensemble,200,200,50,2,2,25,True,5,0.694,0.05589275444992848,0.736,0.05351635264103862,0.8754740476608276,0.10406268350165439,2.8019010770564647,0.31678093685434944,3.338671058197859,0.37746776798255444,0.9999999403953552,0.41089908480644227,1.4695282369740543,0.1520178946755294,373.1602805200149,36.09392149747162
train200_q5,cem_em_transductive_vi_fullcov_ensemble,200,200,50,5,5,25,True,5,0.501,0.07130217387990355,0.552,0.06734983296193094,1.101673424243927,0.0918724391000549,2.371557199390589,0.2611732923406287,2.8258846999638623,0.3112071726771864,1.0,0.3375585347414017,1.7348656952581376,0.10638050636708554,465.9522232600022,6.155614406234462
train500,cem_em_transductive_vi_fullcov_ensemble,500,200,50,2,2,25,True,5,0.6540000000000001,0.02576819745345024,0.705,0.02387467277262663,0.8200017809867859,0.03662647154216932,2.5305932756467833,0.18021635952165152,3.0153878731321706,0.2147410373177118,0.9999999403953552,0.48611215949058534,1.3770254248873406,0.04085169883692557,350.88443167998923,2.0170277069095808
train500_q5,cem_em_transductive_vi_fullcov_ensemble,500,200,50,5,5,25,True,5,0.5529999999999999,0.06297618597533515,0.603,0.06485368146836382,1.0017470121383667,0.06205289160184028,2.343797334101496,0.2896536501709141,2.792806780268876,0.345143612187387,1.0,0.3851678013801575,1.6275007952696605,0.06755604191939685,501.26754131998166,34.17149050950586
