dataset,seed,method,rmse,mean_crps,wall_sec,coverage_90,mean_width_90,coverage_95,mean_width_95,standardize_x,standardize_y,Q,n,R,best_elbo,train_time_sec,pred_time_sec,residual_scale,V_Rv
Wine Quality,0,lmjgp_full_transductive,0.7153226642065134,0.4144245982170105,54.61372799999663,0.765625,1.9946194406538007,0.890625,2.3767356575006753,1,0,3,25,nan,nan,38.92484940000577,15.688878599990858,,
Wine Quality,0,lmjgp_lowrank_residual_pls_pca,0.6599618806475017,0.384106308221817,46.26980099998764,0.796875,2.022980119438513,0.875,2.4105294906322987,1,0,3,25,10,-3.495214341965512,31.320590399991488,14.94921059999615,1.0,10
Parkinsons Telemonitoring,0,lmjgp_full_transductive,6.601917856341613,3.5494449138641357,83.46182409999892,0.828125,17.716022327987787,0.890625,21.109942637581526,0,0,5,25,nan,nan,51.79547680000542,31.666347299993504,,
Parkinsons Telemonitoring,0,lmjgp_lowrank_residual_pls_pca,7.150518838429732,3.9810128211975098,62.7749777000281,0.890625,22.339281885810763,0.9375,26.618896185811717,0,0,5,25,10,-3.55424091854706,42.68573900000774,20.08923870002036,1.0,10
Appliances Energy Prediction,0,lmjgp_full_transductive,104.6620443755662,41.47874450683594,103.21313729998656,0.875,163.8346934051165,0.875,195.22107817418816,1,1,5,35,nan,nan,71.41222669999115,31.800910599995404,,
Appliances Energy Prediction,0,lmjgp_lowrank_residual_pls_pca,108.63252349041889,42.72670364379883,73.53213650002726,0.84375,168.7701520110971,0.875,201.1020398332742,1,1,5,35,10,-4.5676300966914765,40.51056390002486,33.0215726000024,1.0,10
