{
  "args": {
    "datasets": "Wine Quality,Parkinsons Telemonitoring,Appliances Energy Prediction",
    "num_exp": 1,
    "seed_start": 0,
    "max_total_train": 500,
    "max_test_anchors": 64,
    "scaling_preset": "uci_empirical",
    "standardize_x": 1,
    "standardize_y": 1,
    "include_full_lmjgp": 1,
    "Q": null,
    "n": -1,
    "m1": 2,
    "m2": 40,
    "n_pls": 5,
    "n_pca": 5,
    "n_random": 0,
    "residual_scale": 1.0,
    "lmjgp_steps": 300,
    "MC_num": 3,
    "lr": 0.01,
    "device": "auto",
    "out_dir": "experiments\\uci\\lowrank_residual_lmjgp_1seed"
  },
  "rows": [
    {
      "dataset": "Wine Quality",
      "seed": 0,
      "method": "lmjgp_full_transductive",
      "rmse": 0.7153226642065134,
      "mean_crps": 0.4144245982170105,
      "wall_sec": 54.61372799999663,
      "coverage_90": 0.765625,
      "mean_width_90": 1.9946194406538007,
      "coverage_95": 0.890625,
      "mean_width_95": 2.3767356575006753,
      "standardize_x": 1,
      "standardize_y": 0,
      "Q": 3,
      "n": 25,
      "R": NaN,
      "best_elbo": NaN,
      "train_time_sec": 38.92484940000577,
      "pred_time_sec": 15.688878599990858
    },
    {
      "dataset": "Wine Quality",
      "seed": 0,
      "method": "lmjgp_lowrank_residual_pls_pca",
      "rmse": 0.6599618806475017,
      "mean_crps": 0.384106308221817,
      "wall_sec": 46.26980099998764,
      "coverage_90": 0.796875,
      "mean_width_90": 2.022980119438513,
      "coverage_95": 0.875,
      "mean_width_95": 2.4105294906322987,
      "standardize_x": 1,
      "standardize_y": 0,
      "Q": 3,
      "n": 25,
      "R": 10,
      "residual_scale": 1.0,
      "best_elbo": -3.495214341965512,
      "train_time_sec": 31.320590399991488,
      "pred_time_sec": 14.94921059999615,
      "V_Rv": 10
    },
    {
      "dataset": "Parkinsons Telemonitoring",
      "seed": 0,
      "method": "lmjgp_full_transductive",
      "rmse": 6.601917856341613,
      "mean_crps": 3.5494449138641357,
      "wall_sec": 83.46182409999892,
      "coverage_90": 0.828125,
      "mean_width_90": 17.716022327987787,
      "coverage_95": 0.890625,
      "mean_width_95": 21.109942637581526,
      "standardize_x": 0,
      "standardize_y": 0,
      "Q": 5,
      "n": 25,
      "R": NaN,
      "best_elbo": NaN,
      "train_time_sec": 51.79547680000542,
      "pred_time_sec": 31.666347299993504
    },
    {
      "dataset": "Parkinsons Telemonitoring",
      "seed": 0,
      "method": "lmjgp_lowrank_residual_pls_pca",
      "rmse": 7.150518838429732,
      "mean_crps": 3.9810128211975098,
      "wall_sec": 62.7749777000281,
      "coverage_90": 0.890625,
      "mean_width_90": 22.339281885810763,
      "coverage_95": 0.9375,
      "mean_width_95": 26.618896185811717,
      "standardize_x": 0,
      "standardize_y": 0,
      "Q": 5,
      "n": 25,
      "R": 10,
      "residual_scale": 1.0,
      "best_elbo": -3.55424091854706,
      "train_time_sec": 42.68573900000774,
      "pred_time_sec": 20.08923870002036,
      "V_Rv": 10
    },
    {
      "dataset": "Appliances Energy Prediction",
      "seed": 0,
      "method": "lmjgp_full_transductive",
      "rmse": 104.6620443755662,
      "mean_crps": 41.47874450683594,
      "wall_sec": 103.21313729998656,
      "coverage_90": 0.875,
      "mean_width_90": 163.8346934051165,
      "coverage_95": 0.875,
      "mean_width_95": 195.22107817418816,
      "standardize_x": 1,
      "standardize_y": 1,
      "Q": 5,
      "n": 35,
      "R": NaN,
      "best_elbo": NaN,
      "train_time_sec": 71.41222669999115,
      "pred_time_sec": 31.800910599995404
    },
    {
      "dataset": "Appliances Energy Prediction",
      "seed": 0,
      "method": "lmjgp_lowrank_residual_pls_pca",
      "rmse": 108.63252349041889,
      "mean_crps": 42.72670364379883,
      "wall_sec": 73.53213650002726,
      "coverage_90": 0.84375,
      "mean_width_90": 168.7701520110971,
      "coverage_95": 0.875,
      "mean_width_95": 201.1020398332742,
      "standardize_x": 1,
      "standardize_y": 1,
      "Q": 5,
      "n": 35,
      "R": 10,
      "residual_scale": 1.0,
      "best_elbo": -4.5676300966914765,
      "train_time_sec": 40.51056390002486,
      "pred_time_sec": 33.0215726000024,
      "V_Rv": 10
    }
  ]
}