{
  "count": 1250,
  "mean": 0.05343171073688582,
  "median": 0.0002444195554870216,
  "p90": 0.09764086742355459,
  "frac_near_zero": 0.0,
  "bin_edges": [
    4.1005557471904886e-07,
    0.3077357219079939,
    0.6154710337604131,
    0.9232063456128323,
    1.2309416574652516,
    1.5386769693176707,
    1.84641228117009,
    2.1541475930225094,
    2.4618829048749284,
    2.7696182167273475,
    3.0773535285797666,
    3.385088840432186,
    3.6928241522846053,
    4.000559464137024,
    4.308294775989443,
    4.616030087841862,
    4.923765399694282,
    5.231500711546701,
    5.53923602339912,
    5.846971335251539,
    6.154706647103958
  ],
  "bin_counts": [
    1201,
    28,
    10,
    2,
    3,
    1,
    0,
    1,
    3,
    0,
    0,
    0,
    0,
    0,
    0,
    0,
    0,
    0,
    0,
    1
  ]
}