{
  "variant": "center_std",
  "reward_advantage": "center_std",
  "anchor_weight": "uniform",
  "noise_std": 0.5,
  "rmse_cem": 2.3539643671930053,
  "crps_cem": 0.7620912194252014,
  "w_drift_test": 0.5028019808012194,
  "w_drift_reward": 0.41422476824816296,
  "anchor_weight_active_frac_last": 1.0,
  "explore_reward_spread_mean": 0.05343171073688582,
  "explore_reward_spread_median": 0.0002444195554870216,
  "explore_reward_spread_p90": 0.09764086742355459,
  "explore_reward_spread_frac_near_zero": 0.0,
  "explore_top_anchor_overlap_mean": 0.7737358101135191,
  "explore_top_anchor_overlap_last": 0.7647058823529411,
  "explore_rank_stability_spread_mean": 0.9212805122048819,
  "explore_rank_stability_spread_last": 0.922016806722689,
  "explore_mean_delta_reward_vs_w0": 0.01891094860389086,
  "explore_frac_delta_reward_positive": 0.7048,
  "explore_mean_best_delta_reward_vs_w0": 0.15060868185703266,
  "explore_frac_best_delta_positive": 0.9608,
  "explore_mean_delta_reward_top_anchors": 0.05792636005753199,
  "explore_frac_delta_top_positive": 0.6581333333333333,
  "explore_mean_delta_reward_top_anchors_last": -0.0026584883442168842,
  "explore_mean_best_delta_top_anchors_last": 0.21490068135447157,
  "rmse": 2.3539643671930053,
  "mean_crps": 0.7620912194252014,
  "wall_sec": 17.962129000021378,
  "coverage_90": 0.85,
  "mean_width_90": 1.4709925803632307,
  "coverage_95": 0.9,
  "mean_width_95": 1.7527957696643313,
  "final_ensemble_samples": 5,
  "final_hyper_steps": 4,
  "final_gate_steps": 6,
  "final_ensemble_cem_sec": 17.19615820000763,
  "final_ensemble_pred_sec": 0.7659708000137471,
  "final_ensemble_total_sec": 17.962129000021378,
  "final_ensemble_mean_n_inliers": 32.15,
  "final_ensemble_fallback_count": 0,
  "final_ensemble_within_sigma_mean": 0.4446680444583255,
  "final_ensemble_between_sigma_mean": 0.020963440791362753
}