dataset,method,n_seeds,rmse_mean,rmse_std,mean_crps_mean,mean_crps_std,wall_sec_mean,wall_sec_std,coverage_90_mean,coverage_90_std,mean_width_90_mean,mean_width_90_std,coverage_95_mean,coverage_95_std,mean_width_95_mean,mean_width_95_std
Parkinsons Telemonitoring,lmjgp_supervised,5,9.009474367585671,0.6705031650419583,5.6530442237854,0.6418858699263772,62.67810565999825,2.516258599544733,0.6449999999999999,0.08154753215150046,19.851438701321968,1.3053824182897493,0.72,0.08831760866327847,23.654448188199503,1.5554590900842444
Parkinsons Telemonitoring,lmjgp_supervised_residual_ridge,5,9.729749513963828,1.0223064216916682,6.1983160972595215,0.8520103917832664,63.32290238000569,1.4609928487817054,0.58,0.11484772527133484,18.57011557496184,2.0854048043546873,0.6719999999999999,0.11214276615100949,22.1276575126799,2.4849130905935466
Parkinsons Telemonitoring,lmjgp_transductive,5,9.227360561675042,0.7847531688622439,5.836306571960449,0.7162736319060933,62.177556380000894,1.7912887030993891,0.628,0.10132127121192272,19.855773114832875,1.4105888511172293,0.7050000000000001,0.0874642784226795,23.65961296045418,1.680820286913634
Parkinsons Telemonitoring,lmjgp_transductive_residual_ridge,5,9.65181897528484,1.0600322434798368,6.170866870880127,0.8380201983458586,64.40696236000512,1.467286440181245,0.583,0.09672641831474998,18.558417575597094,1.3507124117360796,0.6589999999999999,0.08254695633395576,22.113718486695824,1.609473108789916
